id,first_name,last_name,date_reg,brand,model,vin,make_year,color
1,Javier,Escuela,2025-03-01,BMW,M5,WBSFV9C57ED593201,2021,Black
2,Gusta,McIlwraith,2025-06-11,Toyota,Celica,1FTFW1E87AK329049,2004,Green
3,Baryram,Sandiford,2020-05-04,Hyundai,Santa Fe,2G61M5S3XF9648489,2008,Purple
4,Teirtza,Brockway,2021-10-15,Porsche,911,WBANF33557C385963,1990,Fuscia
5,Regine,Lupton,2021-01-06,Nissan,Xterra,WAUVT64B74N450875,2007,Aquamarine
6,Des,Starsmeare,2022-10-05,Mazda,B-Series,1N6AD0CU8AC264037,1990,Blue
7,Mauricio,Bushrod,2022-02-10,Pontiac,Bonneville,WBALZ5C50CC435978,1998,Fuscia
8,Tracee,Richings,2025-01-31,Dodge,Challenger,SCBBR93WX8C111221,2010,Yellow
9,Robin,Moffat,2023-04-01,Buick,Riviera,19UUA56992A196293,1979,Green
10,Eben,Toxell,2025-04-29,Honda,CR-V,1C4RDJDG1EC938040,2004,Pink
11,Bartholomeo,Petracco,2023-01-14,Volkswagen,Touareg,1GYFK43549R532695,2010,Green
12,Lalo,Belchamber,2022-10-25,Ford,Bronco,WAUFFBFL5BA411541,1991,Blue
13,Cherin,Pettyfer,2020-01-19,GMC,Savana 3500,JTDKN3DU0F0178203,1997,Blue
14,Ashley,Tye,2022-03-14,Honda,Pilot,19VDE1F70FE263563,2011,Khaki
15,Desiree,Phelip,2020-10-12,Scion,xB,1G4PR5SK2C4441461,2012,Violet
16,Russell,Poulney,2021-08-19,Hummer,H3,3N1AB6AP0CL591681,2010,Orange
17,Gizela,Rubin,2022-06-17,BMW,525,1N6AA0CC6CN380876,2006,Turquoise
18,Sapphire,Edgar,2023-02-02,Chrysler,Cirrus,1G4HD57278U755920,1996,Indigo
19,Ardis,Grimolbie,2022-03-04,Land Rover,Discovery,WBALZ3C53CC350170,2001,Purple
20,Bartolemo,Golds,2025-02-08,Audi,A6,1G6DF8E54D0614920,1997,Blue
21,Evangeline,Oxlade,2021-01-31,Nissan,Pathfinder,WA1YL64B85N585097,2007,Violet
22,Lizabeth,Lelande,2022-10-05,Oldsmobile,Silhouette,2C3CDYCJ7CH550711,1997,Purple
23,Lauryn,Peoples,2025-04-25,Lexus,IS F,1GYUCCEF4AR538280,2008,Crimson
24,Jessica,Turney,2022-11-26,Ford,Tempo,5LMJJ3H52CE065127,1987,Red
25,Andris,Strike,2020-07-11,Suzuki,Kizashi,5N1BA0ND7FN792866,2011,Khaki
26,Willyt,Jentin,2023-10-08,GMC,Jimmy,WAUVT68E55A730193,1995,Crimson
27,Sascha,Ternott,2023-01-31,Ford,Focus,1N4AA5AP7CC973279,2001,Khaki
28,Giffy,Abbotts,2024-04-25,BMW,X5,19UUA76678A369450,2003,Crimson
29,Remus,Woolerton,2022-11-24,Mercedes-Benz,C-Class,WAUDFAFL0DA163610,1998,Orange
30,Mitchel,Bernadot,2023-10-19,Subaru,Forester,1N6AD0CU2BC525504,2002,Pink
31,Nina,McPhater,2021-02-02,Nissan,Maxima,3C63D3KLXCG516528,2002,Blue
32,Reinaldos,Coombs,2021-05-02,Jaguar,XJ Series,WAUKGAFB0BN504067,2004,Teal
33,Merissa,Bygrove,2019-09-27,Ford,Bronco,JHMZF1C65ES686557,1984,Maroon
34,Brit,Berryman,2022-05-17,Jeep,Commander,WBAVA33587F030055,2010,Goldenrod
35,Kanya,Parlett,2020-07-10,Chevrolet,Corvette,JHMGE8G3XBC094337,1993,Pink
36,Hephzibah,Rumbelow,2023-08-01,Plymouth,Laser,JH4CU2F46CC707600,1989,Orange
37,Tim,Gribben,2023-04-07,Mazda,Miata MX-5,1G6AH1RX4F0585678,2005,Orange
38,Maria,Vasilyev,2024-04-24,Porsche,911,NM0AE8F77E1493022,2010,Teal
39,Warren,Lanchbury,2022-10-19,Buick,Rainier,WBADN63491G250962,2005,Fuscia
40,Linoel,Downs,2023-12-01,Plymouth,Neon,1G6AH5RX8D0876348,1996,Aquamarine
41,Chane,Yewen,2021-09-07,Nissan,NV2500,1G6DC5E5XC0449915,2012,Green
42,Josey,Flecknell,2020-03-08,Buick,Century,5N1AN0NU1AC347849,1992,Puce
43,Adriano,Bareford,2023-03-07,Chevrolet,Cruze,WBSDE93452C942318,2013,Violet
44,Deck,Daldan,2022-01-31,Cadillac,Escalade EXT,WBALW3C51DC124218,2006,Green
45,Albertina,Kleisle,2021-09-14,Mitsubishi,Outlander,JN8AE2KP5B9919815,2011,Pink
46,Brien,Casaccio,2021-09-24,Mercedes-Benz,SLK-Class,JN8CS1MU7DM241874,2000,Turquoise
47,Dorella,Leney,2024-05-01,Oldsmobile,88,5GADX23L46D028353,1997,Orange
48,Lenore,O'Fihillie,2025-02-25,Dodge,Spirit,1FTEX1C82AF830547,1992,Green
49,Mohammed,McClymond,2022-01-03,Cadillac,SRX,KL4CJASB3DB792003,2012,Goldenrod
50,Hugibert,Eagers,2024-04-14,Ford,F250,KNAFK4A62E5470407,1998,Purple
51,Jasmina,Sleeford,2024-07-11,Mazda,Mazda5,1FTEW1E87AF728452,2012,Orange
52,Orsa,O' Culligan,2022-12-13,Buick,Riviera,1G6AJ5S35D0453724,1996,Orange
53,Martie,Tanby,2021-02-14,Cadillac,Escalade ESV,JN1CV6APXAM917649,2006,Indigo
54,Niki,Choat,2022-05-03,Hyundai,Scoupe,1FTEW1CM9CK007866,1994,Teal
55,Thaxter,Viveash,2021-09-22,Dodge,Charger,WAUVVAFR2AA955393,1999,Violet
56,Maud,Cobelli,2019-09-05,Mitsubishi,Galant,1G4HF57958U642314,1996,Khaki
57,Hayward,McAuliffe,2020-12-08,BMW,X6 M,JTHBB1BA5B2511305,2011,Aquamarine
58,Meridith,Egre,2023-09-26,Bentley,Continental,5TDBW5G16ES654895,2007,Indigo
59,Trent,Barrick,2020-06-04,Mercedes-Benz,500SEL,5XXGM4A77EG931901,1992,Aquamarine
60,Ivory,Gouny,2023-05-16,Mercedes-Benz,SL-Class,JN8AE2KP8B9188328,2007,Goldenrod
61,John,Pere,2023-12-23,Plymouth,Sundance,JH4DC44671S411303,1993,Teal
62,Darcy,Blakebrough,2024-12-09,Oldsmobile,Achieva,WBANW13508C477665,1993,Crimson
63,Verene,Mieville,2023-12-18,Chevrolet,Bel Air,KNAFT4A23B5513058,1967,Puce
64,Phelia,Rickardsson,2021-10-29,Volkswagen,New Beetle,JN8AE2KPXF9228964,2010,Mauv
65,Elbertina,Damant,2022-11-24,Honda,Civic,WBAVM5C53DV222374,1989,Fuscia
66,Welsh,Sucre,2024-03-16,Ford,Expedition,5GAKVAED3CJ199122,2010,Green
67,Glori,Thorington,2023-12-07,Chevrolet,Astro,WAUGL78E58A917324,1994,Pink
68,Clare,Fearick,2020-01-29,Toyota,Solara,WVGEF9BP5ED917854,2004,Violet
69,Erastus,Kembley,2019-08-14,Mitsubishi,Chariot,ZHWGU5BZ9DL466517,1989,Violet
70,Suki,Baterip,2021-11-11,Saturn,Outlook,WAULT54B12N322145,2007,Turquoise
71,Moses,Jedraszczyk,2021-12-19,Audi,100,WVWED7AJXDW274237,1994,Puce
72,Rozele,Sutliff,2022-12-11,GMC,Savana 1500,WBABW53415P660238,1997,Green
73,Austin,Garaway,2019-08-11,Toyota,MR2,5J8TB18259A550399,2001,Red
74,Vilma,Grelak,2019-12-24,Buick,Skylark,TRUSX28N421515327,1997,Fuscia
75,Ruben,Crotch,2023-07-19,Mercedes-Benz,600SEL,19UUA56972A993934,1993,Puce
76,Rinaldo,Dillamore,2022-01-26,Aston Martin,Vantage,1G6DE8E56C0223835,2010,Puce
77,Rafaela,Dumbelton,2020-08-13,Lexus,LS,3VWML7AJ5CM381707,1989,Fuscia
78,Gardie,De Carteret,2021-08-02,Mazda,626,SAJWA6AT1F8338893,1983,Teal
79,Donetta,Cousen,2020-04-19,Mazda,Miata MX-5,JTDKN3DU9F0472716,2007,Green
80,Sergio,Secret,2021-09-20,Lexus,RX,WBAEU33482K500745,2003,Mauv
81,Rhody,Gimblett,2024-01-14,Jeep,Grand Cherokee,1D7RE2GK8BS625531,2012,Purple
82,Astra,Hawney,2023-09-24,Mazda,Navajo,1G6DC5EY5B0863838,1994,Crimson
83,Tanitansy,Vuittet,2024-07-02,Saturn,S-Series,2HKRM3H57FH442248,2002,Teal
84,Northrop,Pays,2024-12-12,Mercedes-Benz,SLR McLaren,WAU3VAFR4CA207920,2007,Turquoise
85,Peri,Roslen,2023-02-13,Cadillac,DeVille,KMHGH4JH3FU235721,2005,Maroon
86,Davidde,di Rocca,2020-12-14,Toyota,Land Cruiser,WVWAA7AJ9CW696571,1997,Khaki
87,Patten,Raffeorty,2021-11-10,Dodge,Dynasty,WAUDH94F06N406138,1993,Turquoise
88,Klara,Garretson,2023-12-12,Audi,Cabriolet,1ZVBP8AM1B5379906,1997,Green
89,Renata,Amberg,2022-03-17,Dodge,Ram 3500,3N1AB6AP2CL853538,1997,Yellow
90,Flossie,Dieton,2022-05-20,MINI,Cooper Clubman,1N4AB7AP6EN014908,2010,Purple
91,Billi,Grinaway,2023-06-15,Volkswagen,GTI,WBAYE0C50DD534459,2012,Blue
92,Dov,Giorgi,2025-07-01,Pontiac,GTO,3N1CE2CP5FL011836,1968,Puce
93,Munmro,Pennino,2023-04-12,Nissan,Altima,5FNRL5H29BB650077,2012,Violet
94,Elset,Pietzner,2023-10-14,Audi,TT,JA32X2HU9BU426836,2010,Teal
95,Kristen,Milliere,2021-02-04,Honda,Odyssey,WUAGL78E16A776092,2011,Maroon
96,Elsa,Popescu,2020-01-10,Chevrolet,Aveo,WBA3V5C51EP109632,2008,Green
97,Lawrence,Lilbourne,2022-03-16,Lexus,LX,JH4CU2E85DC654734,2013,Teal
98,Sybila,Fedder,2021-09-20,Chrysler,Concorde,WAUXL68E94A175854,2002,Green
99,Clive,Dallander,2024-04-04,Kia,Sorento,5TDDK3DCXBS143376,2003,Goldenrod
100,Katusha,Ritmeier,2021-07-26,GMC,Sierra 2500,WAUYP64B01N262485,2010,Maroon
101,Thornton,Leaburn,2021-02-07,Subaru,Alcyone SVX,KMHTC6ADXCU903208,1995,Mauv
102,Donn,Rennenbach,2025-05-09,Pontiac,6000,1GYS4CKJ3FR195448,1988,Orange
103,Jordain,Piaggia,2020-06-23,Jaguar,X-Type,WA1VMBFE6DD958691,2002,Aquamarine
104,Ashely,Beelby,2024-05-13,Mitsubishi,Lancer Evolution,WBAWB7C59AP842572,2008,Orange
105,Jobina,Andreas,2020-08-15,Porsche,911,WAUFFAFL1DN182216,1985,Green
106,Cynthia,Cockren,2020-09-09,Toyota,Prius Plug-in,19XFB4F27DE609054,2012,Goldenrod
107,Claribel,Saladino,2022-11-07,GMC,Sierra 3500,5GAEV23DX9J838725,2002,Teal
108,Olva,Ceccoli,2023-07-18,BMW,Z3,SAJWA4EC5FM439313,2002,Khaki
109,Minna,Threlkeld,2024-01-15,Isuzu,Rodeo,WBAEJ13443A498612,1994,Yellow
110,Andromache,Hargate,2019-11-05,Maserati,430,SALAG2D4XCA329160,1989,Yellow
111,Sergio,Le Frank,2020-09-17,Volkswagen,Golf III,JM1CR2W31A0878862,1993,Turquoise
112,Dorthea,Stockney,2024-01-19,Hyundai,Santa Fe,1GYS3HKJXFR820542,2002,Pink
113,Janie,Polley,2019-11-18,Mercedes-Benz,C-Class,WBAWC33598P149615,2004,Orange
114,Ky,Corston,2025-01-23,Ford,F350,WAUSF78E97A370123,2004,Crimson
115,Maurizio,O'Connel,2021-06-20,Pontiac,Gemini,KNADM5A30D6652693,1987,Goldenrod
116,Rona,Hartles,2024-03-21,Chevrolet,Malibu,JHMFB4F27CS595036,2000,Goldenrod
117,Buffy,Gaiger,2022-10-27,Mitsubishi,Montero,2G4WF551X21466366,1996,Puce
118,Tait,Vella,2020-06-29,Nissan,Quest,WAUDH98E38A824124,2004,Blue
119,Lars,Tuberfield,2020-12-04,Audi,V8,19UUA9F24DA793249,1994,Purple
120,Carola,Saltmarshe,2020-05-18,Dodge,Ram Van 3500,1B3BD2FB1BN168934,1996,Orange
121,Lyndy,Crowden,2020-05-08,Oldsmobile,Aurora,JH4CU2F60AC217300,1999,Goldenrod
122,Billi,Deares,2022-12-19,Chevrolet,3500,2FMGK5BC4BB205814,1994,Fuscia
123,Orelie,Esgate,2024-03-12,Nissan,280ZX,1G4GE5E34CF188888,1979,Orange
124,Daveta,Swindells,2020-03-29,Plymouth,Sundance,2G4GT5GX5F9646117,1993,Fuscia
125,Marjory,Losel,2020-10-24,Suzuki,SJ,JTHBK1GG9F2679564,1990,Teal
126,Corinna,Chiles,2025-03-02,Subaru,Legacy,1N6AA0EC5DN168081,1992,Khaki
127,Julia,Shadrach,2023-10-24,Nissan,Sentra,1FTEW1CF8FF310961,1998,Orange
128,Helaine,Jarvis,2023-06-20,Mercedes-Benz,M-Class,5GAKRBKD0DJ783204,2006,Pink
129,Yehudit,Forrestill,2021-05-22,Subaru,Justy,2FMGK5BC2BB534270,1992,Purple
130,Yanaton,Benit,2022-07-10,Toyota,RAV4,WBAXH5C57DD775287,2001,Puce
131,Mimi,Gann,2022-01-03,GMC,Envoy XL,1GYS3KEF0CR704945,2003,Teal
132,Phylis,Boston,2021-09-17,Ford,E250,1FM5K7B81DG781550,2004,Teal
133,Norton,Cobley,2025-03-29,Cadillac,DTS,SCFFDCBD8CG328439,2008,Yellow
134,Karly,Such,2022-04-17,Mitsubishi,Challenger,SCFFDCCD8BG833538,2000,Maroon
135,Norry,Wylam,2021-05-27,Ford,Freestyle,1G6DB1ED2B0197014,2005,Pink
136,Jesselyn,Tallon,2020-09-25,Mazda,Mazdaspeed6,3C3CFFAR6CT026190,2006,Green
137,Torry,Pencott,2022-10-26,Mercury,Sable,1J4PN2GK3BW637574,1995,Pink
138,Ainslee,Upward,2019-07-11,Buick,Riviera,WAUMF78PX6A419645,1993,Violet
139,Vassily,Mugridge,2019-08-28,Volvo,V70,5GAER137X8J997770,2003,Red
140,Gilbert,Westcarr,2022-04-23,Nissan,Pathfinder,WAUFFAFL6BN853232,2005,Orange
141,Goldina,Cubuzzi,2021-06-06,Chevrolet,Caprice,1FTWW3CY8AE481631,1995,Orange
142,Dot,Setterthwait,2020-12-08,Lexus,SC,WAUDF98E08A105869,2007,Mauv
143,Flossy,Jannings,2024-05-03,Volkswagen,CC,WAUSH94F97N455203,2009,Orange
144,Cherry,Arson,2021-05-25,Buick,Electra,WDDHF0EB7FB993138,1984,Red
145,Emmaline,Blincko,2022-09-19,Ford,Expedition EL,SAJWA4DC8DM743766,2011,Violet
146,Marcelline,Moff,2022-10-14,Chevrolet,Malibu,WAUDFAFL0CN584055,2010,Teal
147,Morganica,Hymus,2025-05-12,Bentley,Continental GT,1G6DD8E35E0611241,2009,Puce
148,Shantee,Allberry,2022-06-08,Nissan,Altima,2G4WC582461311122,2012,Goldenrod
149,Barbee,Poone,2023-04-22,Honda,Prelude,WA1YD54B73N485755,1999,Puce
150,Wilhelm,Jeste,2019-09-08,Dodge,Daytona,JN1BJ0HR7EM563798,1993,Yellow
151,Dollie,Otto,2021-11-30,Chevrolet,Silverado,3C4PDCDG9CT888380,2003,Maroon
152,Risa,Turneaux,2023-04-14,Chevrolet,Beretta,1GD312CG3EF071305,1994,Crimson
153,Quincey,Pellew,2021-07-31,Lincoln,Town Car,JH4KB16507C064526,1997,Yellow
154,Chelsae,Escot,2024-04-28,Honda,Civic,1D7RB1CP8BS319823,1998,Maroon
155,Quintilla,Jacke,2019-07-29,Ford,E250,3D7TT2CT2BG751398,2004,Indigo
156,Danette,Stapele,2024-11-10,Land Rover,Freelander,4T1BF1FK0EU399056,2003,Indigo
157,Isa,Bernhardt,2019-12-17,Kia,Optima,1GYS3JEF7DR361904,2007,Puce
158,Cass,Martensen,2021-01-26,Infiniti,QX,SCFEBBBK9BG863367,1997,Goldenrod
159,Mozelle,Donner,2020-09-04,Dodge,Ramcharger,3D73M3HL3BG306700,1992,Fuscia
160,Raimund,Kelston,2021-10-08,Chevrolet,Silverado 3500,1GT010CG1CF047142,2003,Goldenrod
161,Paddy,Danbury,2022-06-19,Volkswagen,Eos,1G6KE57Y03U838712,2007,Indigo
162,Raoul,Dadley,2019-12-16,Chrysler,PT Cruiser,1HGCP2E32AA552619,2010,Mauv
163,Janifer,Renfree,2023-11-03,Chevrolet,Suburban 1500,2G4WC552X61406725,1994,Maroon
164,Ronny,Cartmael,2025-03-18,Volvo,XC90,WP0CA2A88AU362307,2008,Orange
165,Renee,Coronas,2021-02-23,Jaguar,XJ Series,3GYEK62887G737792,1995,Violet
166,Ozzie,Havock,2024-11-16,Aston Martin,Rapide,4USBT33564L934462,2011,Pink
167,Jodi,Patek,2023-06-14,Kia,Sportage,WAUJC68E65A775643,1998,Orange
168,Leoine,Benning,2021-10-09,Lamborghini,Gallardo,1G6AB5RA7E0712068,2008,Red
169,Justinian,Flucker,2021-02-16,Dodge,D150,5FNRL5H25EB099375,1993,Goldenrod
170,Faustina,Neenan,2022-06-09,Pontiac,Firebird,WBAEV53484K127489,2000,Orange
171,Arly,Tarbox,2020-03-14,Ford,Lightning,WVGAV3AX0DW962705,1994,Red
172,Elna,Cauldfield,2021-05-03,Oldsmobile,Aurora,5UXKU2C50F0443241,2003,Green
173,Catherina,Chazelas,2025-03-25,Dodge,Ram Van 2500,SCBZU25EX1C887265,2002,Orange
174,Emerson,McGaffey,2020-11-01,Lexus,GX,1N6AA0EC9FN062977,2006,Blue
175,Annabell,de Pinna,2019-10-06,Ford,E250,WBAEJ13493A056411,2006,Fuscia
176,Barny,Pullan,2021-06-28,Mazda,626,WAUKH78E17A402590,2002,Teal
177,Emmalyn,Jennison,2022-12-21,Infiniti,FX,WBA3X9C51FD076622,2012,Fuscia
178,Dominica,Rehor,2023-09-24,Chevrolet,Malibu,WBASP4C52BC097834,2013,Red
179,Kev,Causer,2025-06-19,Volkswagen,Golf,1G6DA8E52D0299260,2005,Indigo
180,Kate,Turbayne,2022-07-09,Chevrolet,Silverado 3500,WBA5M6C58ED089589,2005,Violet
181,Sue,Scally,2021-08-09,Jeep,Cherokee,WVWED7AJXDW239309,1996,Violet
182,Suzanne,Lehrmann,2020-08-18,Dodge,Colt,1GYFK13279R593494,1992,Purple
183,Aindrea,Oddey,2023-09-03,Mercury,Montego,5FRYD3H68GB101265,2006,Aquamarine
184,Jodi,Aronovitz,2022-03-06,Chevrolet,Tahoe,SALAG2V62FA742534,2010,Orange
185,Nicky,Beckitt,2020-09-20,Pontiac,Grand Am,WDDNG7BB8AA322072,1996,Violet
186,Zach,McCrea,2021-11-28,Mercury,Capri,1N6AD0CW6EN035948,1993,Crimson
187,Ric,Ilbert,2025-01-17,Subaru,Leone,YV140MEB9F1718212,1988,Purple
188,Florida,Wakeling,2022-04-22,Saturn,S-Series,1D7RW3BK2BS113709,1998,Purple
189,Minny,Brearton,2021-05-28,Buick,LaCrosse,JTDKN3DU0A0581610,2009,Turquoise
190,Roxie,Olivas,2024-06-11,Lexus,ES,3D4PG6FV5AT297323,2005,Yellow
191,Cosimo,Le Bosse,2019-07-22,Honda,Insight,JHMZE2H30ES384178,2001,Puce
192,Maxie,Yarrow,2023-05-15,Mazda,MX-5,WBAEK73415B165247,2012,Khaki
193,Letti,Simm,2021-07-29,Plymouth,Grand Voyager,SCFHDDAJ1CA036446,1998,Mauv
194,Yance,Malicki,2021-11-20,Ford,E-350 Super Duty Van,19XFB2E50CE735108,2006,Goldenrod
195,Olvan,Navarijo,2024-08-07,Plymouth,Neon,TRUUT28N961236806,1996,Orange
196,Milli,Playfoot,2022-04-19,Mercury,Sable,SAJWA1CB5CL036829,2002,Khaki
197,Lay,Gyrgorcewicx,2024-04-12,Chevrolet,Suburban 2500,KMHHT6KDXAU229725,2009,Crimson
198,Desi,Berka,2023-06-14,Volvo,S60,5N1AN0NW6EN908719,2008,Maroon
199,Iago,McGrayle,2023-01-26,Lexus,LS,1N4AA5AP1CC465941,1989,Violet
200,Kellina,Mattimoe,2023-06-17,Chevrolet,Cruze,1VWAH7A34EC508361,2012,Maroon
201,Helyn,MacAdie,2024-03-26,Volvo,S60,1FTSX2A51AE673147,2013,Purple
202,Hewe,Justice,2022-06-13,Mazda,CX-7,1J4RG4GK9AC614184,2010,Purple
203,Stern,Hiers,2020-10-11,Chevrolet,Camaro,WBAAZ33463K497801,1970,Blue
204,Saundra,Koschke,2020-07-12,Ford,Explorer,WBAWL7C59AP286809,2004,Orange
205,Amery,Swannack,2023-03-30,Chrysler,Sebring,JTHBK1GG9F2940711,2003,Pink
206,Korey,Derwin,2023-08-12,Toyota,Land Cruiser,4T1BD1FK1EU294533,2006,Aquamarine
207,Sidoney,Mc Cahey,2019-11-14,Honda,Pilot,1FBNE3BL0BD868271,2006,Crimson
208,Horton,Shawdforth,2021-03-17,Mitsubishi,Pajero,5UXKR0C51F0270058,2005,Yellow
209,Samantha,Bullin,2024-04-12,Nissan,Quest,WBANA73555C945855,2000,Yellow
210,Evita,McIlmurray,2023-07-12,Mercedes-Benz,M-Class,JA32U2FU9DU476957,1999,Goldenrod
211,Patricia,Clemenzo,2022-06-14,Ford,Aspire,WAUFEBFMXCA689672,1996,Turquoise
212,Bibbie,Killik,2024-05-10,Volkswagen,Touareg,2T2BK1BA3FC173083,2011,Maroon
213,Rice,Brunone,2022-12-18,Infiniti,FX,4T1BF1FK1EU137594,2009,Blue
214,Marice,Mockett,2023-03-25,Mazda,B-Series,WBAKB0C54AC068292,2001,Crimson
215,Bord,Samwayes,2024-01-02,Mazda,Mazda3,JN1CV6EK3DM905703,2005,Blue
216,Marven,Iannetti,2024-07-06,Volvo,S80,1G6DK8EV5A0708389,2006,Red
217,Edlin,Oldland,2024-07-30,Acura,Integra,JM1NC2NFXE0392059,1998,Goldenrod
218,Joleen,Pohling,2023-05-14,Mazda,CX-9,WAUMGAFL9CA817600,2008,Red
219,Robyn,Catcheside,2023-10-26,Oldsmobile,Aurora,WBAKC8C52AC584856,1995,Blue
220,Kelly,O'Curneen,2024-11-19,Toyota,RAV4,19UUA9F56CA076330,2006,Red
221,Kelcie,Antoniottii,2022-01-26,Volkswagen,Type 2,3C3CFFFH1ET290162,1989,Teal
222,Lancelot,Treat,2020-05-15,Mercedes-Benz,E-Class,1N6AF0LY4FN008034,1985,Maroon
223,Merl,Chatel,2024-07-15,Ford,E-Series,JHMFB4F24CS920791,1993,Fuscia
224,Wally,Fitt,2022-09-26,Lexus,IS,3VW517AT9FM996079,2005,Fuscia
225,Matelda,Edwardson,2019-11-10,GMC,Safari,2FMDK3JC2AB921568,1994,Mauv
226,Filmore,Darycott,2022-09-02,Nissan,Quest,4T1BF1FK4CU137389,2002,Teal
227,Jamie,Opy,2024-04-09,BMW,7 Series,5GADX23LX6D092168,2005,Pink
228,Sean,Schubuser,2021-06-24,Mercedes-Benz,190E,3VWPG3AG9AM638332,1993,Aquamarine
229,Sue,Austing,2024-01-11,Pontiac,Bonneville,2G4WB52K121516337,2004,Indigo
230,Talbot,Minall,2023-02-07,Volkswagen,Cabriolet,WVWED7AJ1BW718649,1998,Blue
231,Philippine,Tilzey,2024-10-15,Cadillac,XLR,1G6DD1E38E0832243,2005,Purple
232,Law,Redsell,2022-01-11,Land Rover,Freelander,5J6TF1H3XBL018016,2003,Pink
233,Jessica,Leyrroyd,2023-10-06,Chrysler,LeBaron,1GYUKHEF8AR676484,1994,Turquoise
234,Rania,Ausello,2022-06-16,Dodge,Caravan,SCFBF03B88G521203,1997,Violet
235,Michel,Scargill,2019-07-05,Acura,RSX,1GKS1AE02ER178066,2004,Fuscia
236,Myrta,Carden,2019-09-29,Buick,LeSabre,WBA3A9C53FK678144,1989,Blue
237,Vaclav,Gogay,2024-08-22,Chrysler,Concorde,YV1952AS6E1672855,1998,Khaki
238,Ilyse,Bello,2020-07-28,Volkswagen,Rabbit,KMHTC6AD4DU312101,2010,Khaki
239,Stinky,Lambertson,2024-06-15,Maybach,62,5FRYD4H23GB100446,2003,Maroon
240,Brion,Fairbourn,2023-01-16,Ford,F-Series,SCBBB7ZH9EC205782,1988,Fuscia
241,Elmer,Villaret,2023-10-24,Rambler,Classic,WAUVT68E12A934470,1963,Yellow
242,Opalina,Hylton,2019-08-23,Lincoln,Aviator,JHMZE2H79ES084674,2003,Turquoise
243,Colet,Moran,2022-02-07,Audi,R8,WA1CYAFE8AD829871,2008,Goldenrod
244,Kellie,Arlet,2021-11-08,Dodge,Neon,5FRYD4H49GB937946,2000,Crimson
245,Carlie,Brightman,2024-07-16,Mazda,Tribute,YV4952BL7E1736122,2009,Violet
246,Nikita,McIlwain,2023-10-05,Dodge,Ram Van 1500,JHMZF1C43BS822050,1997,Goldenrod
247,Creigh,Beddo,2020-04-02,Mitsubishi,Truck,WP0AA2A90AS881217,1987,Purple
248,Gabe,Alban,2022-05-25,BMW,3 Series,WVWED7AJ2BW984696,2011,Goldenrod
249,Creigh,Gellately,2024-10-24,Honda,Civic Si,JTHBE5C26D5149380,2006,Goldenrod
250,Dyane,Landsberg,2020-03-29,Acura,NSX,JTHBE1BLXFA885882,1996,Yellow
251,Julietta,Boxen,2024-04-24,Chevrolet,K5 Blazer,3C3CFFJH4DT675446,1995,Purple
252,Gloria,MacShirrie,2022-11-20,Chevrolet,Express 1500,19UUA65656A321602,2006,Green
253,Tammie,Spencer,2024-11-26,Chevrolet,Lumina,WA1WMAFE5FD614982,1993,Puce
254,Georgine,Jachimiak,2021-01-29,Porsche,911,WBA3A5G50DN187920,1990,Goldenrod
255,Barnabas,Stoodley,2025-05-10,Mercury,Grand Marquis,WA1WKAFP0BA438779,1996,Teal
256,Lisabeth,Trahar,2020-02-15,Ford,Tempo,JHMZE2H37BS785271,1989,Khaki
257,Staci,Predohl,2020-03-21,Dodge,Intrepid,WAUXU64B12N281939,2003,Orange
258,Theresina,Taft,2022-09-19,GMC,Sierra 3500,WA1CYAFE7AD034701,2008,Khaki
259,Gabriellia,Santry,2023-09-12,Pontiac,Grand Am,1G6AC5SX9F0201913,2001,Puce
260,Meade,Blakeley,2023-03-08,Toyota,Celica,5NPDH4AE0FH342605,1995,Puce
261,Bennie,Britian,2022-02-12,Mercedes-Benz,SLR McLaren,YV4902BZ5B1692216,2009,Khaki
262,Alaric,Pettingill,2024-10-15,Chevrolet,Camaro,19UUA8F35EA166130,1974,Crimson
263,Web,Robbeke,2023-08-18,Oldsmobile,88,WDDHF2EB4DA626311,1992,Puce
264,Holli,Padden,2023-08-26,Honda,CR-Z,SAJWA4DC3DM688417,2012,Fuscia
265,Skippy,Ackerman,2020-06-14,Toyota,Tacoma,1G4GB5GR6EF637744,2000,Indigo
266,Clemmie,Giannotti,2024-05-11,Jaguar,XK Series,1B3CB4HA7AD941551,2000,Crimson
267,Antonio,Potts,2021-08-06,Honda,Accord,1G6AB5SA8F0254522,2011,Indigo
268,Ellary,McKinnell,2023-09-24,Oldsmobile,Cutlass,5TFBW5F1XAX367355,1997,Maroon
269,Loree,Sibbald,2022-08-06,Mercury,Cougar,WBADR63473G746818,1989,Turquoise
270,Florrie,Blaes,2023-06-11,Ford,Thunderbird,2T1BURHEXEC510497,1955,Orange
271,Reidar,Parish,2022-05-16,GMC,Sierra,5TFAW5F13FX299452,2012,Crimson
272,Alard,Tombling,2024-05-18,Ford,Taurus,1N4AL2AP1AN577357,1988,Green
273,Alexandr,Yearn,2020-08-26,Dodge,Ram 1500,5N1AT2ML2EC308591,1999,Goldenrod
274,Brenn,Patrick,2022-12-31,Acura,TL,JH4CW2H64CC690773,1996,Yellow
275,Hillery,Lammerts,2023-11-18,Pontiac,LeMans,2GKALMEK2F6303010,1964,Maroon
276,Trixi,Stoeckle,2024-10-22,Mazda,Miata MX-5,1HGCR2F3XEA403325,1993,Green
277,Ingaborg,Chancelier,2021-02-15,Mercedes-Benz,CLK-Class,WBAPN7C53AA133814,2006,Red
278,Vinni,Bencher,2022-07-25,Lexus,LS,1G6DF8EG5A0041328,1996,Khaki
279,Ivor,Woolley,2021-04-14,Volvo,XC70,19XFB2F50DE939696,2004,Maroon
280,Udall,Roxby,2024-08-06,Honda,S2000,YV4960DL5A2732508,2007,Puce
281,Silvie,Bryer,2019-09-01,Chrysler,Sebring,JM1CW2BL6C0199137,2001,Pink
282,Harold,Jovic,2023-02-25,Ford,Econoline E250,2G4GV5EV8B9194511,1994,Mauv
283,Ki,Paulson,2019-12-19,Dodge,Caliber,WBADN63473G936470,2010,Aquamarine
284,Kylila,Carradice,2025-06-28,Hyundai,Genesis Coupe,YV140MEB2F1073256,2011,Fuscia
285,Jo ann,Iacopetti,2025-04-18,Pontiac,Bonneville,5FNYF3H26AB241699,1987,Turquoise
286,Devi,Spere,2022-06-07,Mazda,B-Series,SCFFDABM5DG603139,1997,Green
287,Orville,Stenton,2023-08-17,Cadillac,Escalade EXT,WAUMFAFL6CA552671,2009,Crimson
288,Wenona,Widdowes,2025-02-24,Dodge,Neon,WUARL48H04K646216,2002,Mauv
289,Conroy,Arrigo,2023-03-02,Dodge,Viper,KNADH4A38A6419770,2008,Blue
290,Alexis,Kennelly,2024-07-03,Volkswagen,Golf,2G4WE587981739907,1994,Indigo
291,Harlan,Truce,2020-12-21,Dodge,Colt,5TDBM5G18CS420468,1994,Red
292,Mason,Snarie,2022-02-05,Ford,E350,1G6KD57Y17U472882,2006,Green
293,Irving,Pentycross,2023-06-25,Chevrolet,Silverado 3500,WAUWFBFL2CA058631,2005,Mauv
294,Gamaliel,Clayill,2022-09-06,Toyota,Previa,1G6DK5ED8B0472781,1995,Crimson
295,Andreana,Blagburn,2019-10-09,Tesla,Roadster,SCBBR9ZA2DC620970,2012,Pink
296,Blanca,Plain,2020-04-22,Toyota,Celica,WBABD53456P679379,2005,Maroon
297,Ilse,Ather,2021-08-19,Chrysler,Aspen,5J8TB3H55GL797817,2007,Red
298,Celestyn,McMichan,2023-01-11,Ford,Mustang,5UXWX9C57DL931518,1997,Turquoise
299,Biddie,Eborn,2022-04-03,Volkswagen,Passat,19UYA42503A545325,1991,Purple
300,Meghan,Fawdry,2022-06-15,Jeep,Commander,JH4CU2F69AC798392,2009,Crimson
301,Gary,Santello,2019-10-18,Toyota,Yaris,WAULC68E73A928018,2010,Violet
302,Reina,Kilfoyle,2020-02-17,Ford,F250,5GAKRCKD8EJ130840,2010,Crimson
303,Tito,Laidlaw,2021-05-15,Kia,Sephia,19UUA8F73DA933507,1996,Maroon
304,Brena,Matthiae,2021-02-06,Mazda,RX-7,1N6AF0LY5FN550310,1987,Mauv
305,Layney,Howgill,2024-11-09,Porsche,944,5TDDCRFH1ES774465,1990,Yellow
306,Cordell,Myles,2020-01-12,Nissan,Altima,19UUA9F29BA462003,2002,Indigo
307,Koo,Eykelhof,2021-10-20,Ford,Th!nk,2G4WF521431747374,2002,Red
308,Rina,Agostini,2023-08-27,Saturn,VUE,JHMGE8G37BS563857,2008,Maroon
309,Klement,Beany,2023-01-08,Mercedes-Benz,300D,1C4RDHEG3EC006087,1992,Orange
310,Genovera,Thursby,2021-10-16,Acura,RL,4USBU53526L669969,2011,Blue
311,Parke,Ivers,2020-09-26,Mazda,Navajo,JHMZF1C6XES694170,1993,Red
312,Natty,Rodder,2024-07-11,Acura,Vigor,JHMZF1C48BS289760,1993,Turquoise
313,Annalee,Kener,2021-12-08,Mazda,RX-7,JN1AZ4FH2FM889354,1987,Orange
314,Leon,Goodered,2022-01-04,Ford,Mustang,1C4RDJEG6DC768285,1991,Mauv
315,Cami,Lannin,2022-04-29,Pontiac,Grand Prix,1G6KH5EY2AU085191,1982,Goldenrod
316,Gwenneth,Fritche,2020-01-03,Chevrolet,Express 2500,WBAYF4C55FD761735,1998,Green
317,Almeda,O'Moylan,2020-10-21,GMC,Yukon,WBAEV33424P670733,2007,Puce
318,Erica,Dinan,2020-12-26,Audi,S4,2T1KU4EEXBC533409,2007,Aquamarine
319,Nester,Mila,2023-05-06,Chevrolet,Malibu,WAUEH94F77N846993,2003,Mauv
320,Martita,Anderton,2021-02-01,Mercedes-Benz,CL-Class,5TDDW5G19FS621769,2012,Yellow
321,Stephana,O'Lehane,2024-06-05,Dodge,Dakota Club,1G6KF579X3U069660,2001,Green
322,Lawrence,Antognetti,2023-10-05,Lincoln,Continental,JA32X8HW0DU345490,1990,Teal
323,Basil,Pallatina,2024-03-04,Volvo,XC70,5GAEV13768J098321,2005,Goldenrod
324,Honoria,Broady,2020-08-16,Mitsubishi,Montero,4JGBF2FE5BA270355,2006,Puce
325,Averil,Ritson,2019-11-03,Chevrolet,Caprice Classic,1G6DJ8E36D0986711,1995,Violet
326,Colas,Raistrick,2024-01-10,Honda,Civic,3HGGK5G56FM079978,1993,Pink
327,Pall,Darlow,2021-07-12,Suzuki,Grand Vitara,JM3TB2MAXA0746776,2009,Pink
328,Rivalee,Blasio,2024-04-21,Infiniti,G,2T1BURHE2FC405745,2010,Goldenrod
329,Lavinia,Valentetti,2020-01-02,Infiniti,FX,WBANU5C55AB754707,2004,Khaki
330,Darb,Smeeth,2021-09-23,Chevrolet,Avalanche 2500,WBA3V5C5XEJ771647,2003,Pink
331,Andi,Pridham,2020-06-10,Jeep,Liberty,1FMCU0D70AK947255,2010,Crimson
332,Dotti,Yushmanov,2020-10-25,Nissan,Xterra,WBA3B9C54FJ697921,2000,Orange
333,Perri,Enston,2021-04-07,Land Rover,Freelander,1FMJU1G54AE655064,2003,Pink
334,Denni,Mannakee,2022-08-06,Buick,Century,2T3BFREV2DW172144,2004,Pink
335,Myrtice,Quincey,2022-02-11,Buick,Century,SCBZU25E21C227124,1989,Goldenrod
336,Torrie,Billingsley,2022-10-06,Suzuki,SJ 410,1G6AL5SX7D0565745,1986,Teal
337,Amie,Tidmarsh,2024-04-30,Toyota,MR2,1D7CE3GK2AS630864,2004,Crimson
338,Marilyn,Oade,2024-03-15,Toyota,Camry Solara,5NPDH4AE7BH145781,2008,Aquamarine
339,Wayne,Vannozzii,2020-10-13,Toyota,Previa,WAUBNAFB1BN565918,1995,Blue
340,Nahum,Heugh,2021-01-23,Buick,Coachbuilder,1GYS3FEJ5BR030222,1993,Green
341,Zorine,Scoon,2021-11-17,Mercedes-Benz,300E,3D73M4EL3BG973275,1992,Fuscia
342,Humphrey,Bellworthy,2019-10-02,Honda,Civic,JM1DE1KYXD0728572,2006,Purple
343,Vallie,Bridywater,2021-04-21,Infiniti,I,5N1AR2MMXFC927853,2001,Fuscia
344,Tallia,Sheppard,2023-08-31,Volkswagen,Passat,TRUSC28N031362457,1987,Purple
345,Lionello,Quigley,2025-04-01,Mercedes-Benz,G-Class,WBSWD9C5XAP377561,2004,Violet
346,Hussein,Timpany,2021-08-26,Audi,80/90,WBAWC735X9E196382,1988,Teal
347,Ambrosio,Egan,2024-09-23,GMC,3500 Club Coupe,JTDBT4K35B1442123,1998,Red
348,Kippar,Lingley,2023-08-08,GMC,Canyon,WAUJGAFC3DN032194,2006,Pink
349,Emogene,Cullinan,2024-10-30,Acura,Vigor,5NPDH4AE2FH940419,1993,Purple
350,Margette,Decruse,2019-10-17,Toyota,Prius v,5NPDH4AE5CH464615,2012,Teal
351,Lauren,Stringer,2024-07-18,GMC,Savana 3500,4T1BF3EKXAU703825,1997,Teal
352,Pavlov,Muncie,2020-01-07,Saab,900,WAUHE98P79A729627,1997,Puce
353,Darby,Badrock,2023-03-23,Hummer,H3,WAUWFBFL3BA816684,2008,Purple
354,Rogerio,Gallandre,2025-02-08,Mercedes-Benz,SL-Class,WA1VMAFP2EA614077,1993,Khaki
355,Genna,Mackison,2023-02-12,Ford,Thunderbird,WAUDFAFL5DN575692,2005,Goldenrod
356,Inglis,Matevosian,2024-02-13,Cadillac,CTS,SALFP2BG9FH412058,2010,Fuscia
357,Lemar,Jasper,2024-10-14,Toyota,Previa,1GYEE23A790241522,1997,Goldenrod
358,Howey,Ayshford,2021-12-26,Mercury,Villager,1NXBU4EE0AZ701264,2001,Puce
359,Bella,Doerrling,2021-09-06,Volkswagen,GTI,JM1NC2LFXE0047729,1988,Red
360,Gertie,Tommasi,2020-12-05,BMW,X5,WAUUL78E36A763213,2004,Mauv
361,Avie,Benoy,2020-12-18,Chevrolet,Blazer,4T1BF1FK9EU525852,1999,Fuscia
362,Lucky,Trouncer,2021-03-23,Plymouth,Acclaim,WA1LFAFP3CA725087,1995,Aquamarine
363,Dulsea,Johnsee,2020-06-19,Honda,del Sol,WBAFZ9C59DC838928,1997,Violet
364,Fritz,Nock,2021-11-25,Suzuki,SJ,2C3CDZBGXFH625322,1994,Aquamarine
365,Redd,Borthwick,2024-04-14,Audi,S6,WAUMR44E36N327375,2009,Indigo
366,Pascale,Dayly,2022-10-28,Buick,LaCrosse,5GAKVDKD5DJ707467,2009,Orange
367,Cliff,Crowden,2019-09-10,Ford,Edge,2G4WF551441974903,2007,Khaki
368,Elvyn,Kiossel,2025-01-23,Chrysler,Cirrus,KNADM5A35E6231313,1995,Puce
369,Deane,Reynoldson,2022-12-05,Land Rover,Discovery,JN1CV6EK5AM020348,1999,Indigo
370,Robinetta,Berzen,2020-06-03,Lexus,LS,3C4PDDEGXDT992205,2005,Yellow
371,Costa,Quinion,2021-08-17,Volkswagen,Passat,JHMZE2H35CS503386,2001,Yellow
372,Arlette,Twitchett,2022-10-31,Volkswagen,Cabriolet,3D7JB1EP7BG553940,2002,Crimson
373,Rolfe,Philipsohn,2024-10-10,Suzuki,Esteem,WA1CGAFP9EA243627,1995,Pink
374,Avigdor,Absolem,2025-05-16,Volkswagen,Jetta,WA1CFBFP2CA032906,1996,Pink
375,Ryan,Fedoronko,2020-08-21,GMC,2500,5UXFG8C56EL069727,1998,Puce
376,Shanda,Allabarton,2022-11-07,Mercedes-Benz,E-Class,WAUPL68EX5A763537,1991,Mauv
377,Manuel,Guilloton,2023-09-02,Mercury,Cougar,WBXPC9C43AW992693,1991,Red
378,Beltran,Oty,2024-03-07,Pontiac,GTO,WAUVC68E54A789551,2004,Maroon
379,Carmelia,Castenda,2023-05-17,Chrysler,Fifth Ave,VNKJTUD30FA707553,1992,Crimson
380,Rodina,Myderscough,2023-03-06,Lexus,LS,W04GY5GV1B1792558,1998,Pink
381,Marcelline,Pearman,2023-03-23,Porsche,911,WP1AB2A21FL680830,2009,Red
382,Bentley,Sitwell,2021-11-08,Chrysler,300,WP0CB2A88FS729156,2006,Yellow
383,Philbert,Tustin,2024-04-20,Kia,Carens,3D73Y4HL6BG304983,2007,Mauv
384,Franky,Gehringer,2025-02-12,Mazda,Tribute,5TDDK4CC2AS653808,2010,Fuscia
385,Iago,Brind,2020-12-17,BMW,Z4 M,JN1BY1AP0EM031965,2006,Fuscia
540,Ebony,Boyer,2022-01-21,Mercury,Topaz,JN1CV6FE9DM169245,1985,Mauv
386,Xever,Di Francecshi,2023-02-12,Chevrolet,Aveo,WAULC58E02A344651,2006,Mauv
387,Ida,O'Boyle,2022-05-04,Honda,CR-X,4T3BA3BB4EU119274,1984,Turquoise
388,Herschel,Kayes,2023-08-11,Ford,Crown Victoria,1FBNE3BLXBD945003,2010,Turquoise
389,Sib,Pressnell,2021-02-22,Toyota,Matrix,SALME1D42CA487957,2007,Puce
390,Tuckie,Pointer,2023-02-09,Pontiac,Grand Prix,3D73M4CL9BG947136,1990,Turquoise
391,Ernesto,Ridler,2023-11-29,Ford,GT,1C3CC5FB6AN829965,2006,Yellow
392,Louisette,Estoile,2020-10-10,Eagle,Summit,WBAUL7C54DV904058,1996,Puce
393,Adolpho,Girardi,2019-07-20,Saab,9-5,1G4PS5SK3E4016807,2011,Goldenrod
394,Mavis,Evill,2024-10-24,Mercedes-Benz,W123,WDDEJ7KB7BA519477,1977,Fuscia
395,Glyn,Flooks,2020-01-09,BMW,Z4,WAUKFAFLXBN303076,2010,Teal
396,Demetris,Royson,2023-01-23,Aston Martin,Rapide,2D4JN1AG3BR814811,2010,Fuscia
397,Tootsie,Dunklee,2022-04-30,Suzuki,Aerio,WAUHF78P59A710317,2007,Crimson
398,Riccardo,Audas,2020-03-09,GMC,Acadia,WDDNG7BB2AA142280,2010,Purple
399,Stefa,Yurkevich,2022-08-17,Kia,Sedona,JN8AF5MR4FT372316,2003,Aquamarine
400,Bordie,Polycote,2022-04-06,Mercedes-Benz,E-Class,1FTWF3B57AE101962,1996,Green
401,Mychal,Klaes,2021-09-20,Porsche,Carrera GT,WAUMFAFL5BN190131,2005,Maroon
402,Petr,Dallywater,2025-06-15,Saab,9-5,4T1BF1FK5DU275038,2010,Crimson
403,Darby,Cecchetelli,2024-12-02,Hyundai,XG350,YV4852CT9A1315782,2005,Violet
404,Felicio,Huggons,2022-05-20,BMW,M5,JN1BY1AR2FM996796,2008,Crimson
405,Bogart,Van Der Hoog,2023-02-03,Lincoln,LS,2C3CA5CG5BH286687,2000,Purple
406,Gerik,Powlett,2022-04-29,Jaguar,XJ,2FMPK3K96FB173768,2008,Blue
407,Eloise,Ritmeier,2021-09-08,Volkswagen,GTI,WDDNG7DB5CA356955,2008,Fuscia
408,Joice,Kilfether,2019-07-21,Dodge,Dakota Club,KMHEC4A44EA889047,1998,Turquoise
409,Daron,Gorrick,2022-09-10,Volkswagen,CC,1GYEE437X80853003,2013,Khaki
410,Rhett,Rainy,2021-03-19,Kia,Optima,WBAYG0C57DD173404,2008,Teal
411,Ellette,Barendtsen,2020-05-02,Subaru,Legacy,3N1CN7AP9EK389131,1997,Puce
412,Van,Daout,2023-12-06,Chevrolet,Caprice,2C3CCARG2FH944420,1994,Yellow
413,Agustin,Ficken,2020-09-18,Mitsubishi,Excel,WBA3A5G55FN219022,1989,Purple
414,Miof mela,Bexon,2020-11-15,Lexus,LS,1G6DL5EY0B0183152,1989,Pink
415,Scarface,Hendriksen,2025-04-16,Acura,SLX,1GYS4CKJ7FR068539,1999,Puce
416,Onfroi,Justham,2023-07-01,GMC,Savana 2500,WBAEV53435K944127,2011,Turquoise
417,Gilly,Noorwood,2025-03-19,Ford,Explorer,WBAYA6C53DD534762,2013,Red
418,Isabella,Hardbattle,2020-09-10,Lincoln,Town Car,WAUJFAFH8BN579702,1984,Aquamarine
419,Rozanna,Burtwistle,2025-06-04,Chevrolet,Tahoe,WDCYC3HF7EX712342,1996,Green
420,Johnette,Kite,2023-05-28,Lamborghini,Murci√©lago,WBAYA8C53ED871610,2005,Khaki
421,Markos,Fumagall,2021-07-01,Volkswagen,R32,SAJWJ2GD2F8331556,2008,Aquamarine
422,Charil,Patise,2025-06-13,Toyota,Sienna,1N6AA0CA7EN520564,2003,Crimson
423,Merle,Mongenot,2022-10-06,Audi,A3,WAUHF98P79A719662,2007,Puce
424,Layne,Kerbey,2024-06-13,Mitsubishi,Truck,WBAPM73559E473389,1995,Goldenrod
425,Aryn,Paquet,2024-06-02,Chevrolet,Venture,JH4KB166X8C970421,1997,Khaki
426,Jaimie,Zanicchelli,2020-05-04,Buick,Century,JTDZN3EU7EJ351933,1993,Blue
427,Thebault,Goodger,2021-06-17,Dodge,Ram 1500,2T1BURHE7EC956977,2010,Orange
428,Blaire,Chittey,2020-09-12,Dodge,Ram 1500,1C4RDJDG3FC017701,2006,Aquamarine
429,Lamont,Franciskiewicz,2020-12-08,Ford,Bronco,2G4GV5GV7C9177021,1992,Yellow
430,Annabell,Coleford,2024-02-11,Suzuki,Esteem,WBADX1C55DJ704394,1999,Aquamarine
431,Ernie,Whordley,2020-10-26,Jaguar,XK Series,1GYFK562X9R615099,2013,Pink
432,Amie,Stockill,2025-06-19,GMC,Safari,JH4CU4F40CC211090,1992,Mauv
433,Dunc,Blackborn,2019-09-15,Scion,xB,5N1AZ2MH9FN942898,2008,Red
434,Fae,Chaters,2024-04-20,Hyundai,Veracruz,3G5DA03E73S369044,2009,Indigo
435,Lianna,Burdell,2019-11-14,Toyota,Corolla,4USDU53518L737125,2012,Turquoise
436,Henrieta,Costigan,2024-08-30,Mercury,Sable,JH4CU2F46CC188323,1996,Teal
437,Barb,Godbolt,2023-02-21,Hyundai,Accent,1G4HF57928U308709,1995,Yellow
438,Kiley,Hugill,2024-11-06,Spyker,C8 Spyder,TRUTC28N561770655,2004,Khaki
439,Emmi,Willsmore,2021-11-03,Chevrolet,Avalanche 1500,1N6AF0KX5FN118602,2004,Indigo
440,Sidonia,Schonfelder,2022-08-04,Volvo,V40,JTDKTUD37ED865821,2000,Mauv
441,Elwyn,Sloam,2020-02-05,Ford,Galaxie,WP0AA2A90BS764044,1964,Mauv
442,Winnie,Rosie,2023-10-10,GMC,Jimmy,1GYUCCEF0AR260526,1994,Orange
443,Jody,Bottoner,2022-04-25,Ford,F350,WBAVC53528F803934,1993,Orange
444,Caritta,Guilliatt,2021-08-06,Porsche,Cayman,3D4PH6FV3AT744101,2007,Khaki
445,Erskine,Hassall,2024-01-07,Toyota,Prius c,WAUDH78E77A859607,2012,Violet
446,Rutter,Kingett,2020-08-14,Acura,NSX,JN1AZ4EH6CM580547,1999,Maroon
447,Melony,McCotter,2020-09-15,Honda,Fit,JM1NC2JF4E0212256,2009,Khaki
448,Dodi,Isaq,2019-09-14,Mercedes-Benz,C-Class,WAUKF78E35A855709,2001,Red
449,Leonardo,Stollenbeck,2021-08-16,Dodge,Ram 2500,WAUXD68DX2A094637,1995,Violet
450,Betteanne,Ledgerton,2023-01-21,Hyundai,Santa Fe,WAUHGAFC4EN956563,2006,Turquoise
451,Irena,Farquharson,2025-06-26,Nissan,Titan,3GYFK66N34G347943,2006,Purple
452,Brody,Cockerill,2022-03-07,Buick,Park Avenue,JTHSE5BC7F5924735,1997,Crimson
453,Cesaro,MacMearty,2024-08-16,Mercury,Milan,WAURGAFD3DN553329,2009,Orange
454,Ravi,Speck,2021-11-30,Ferrari,599 GTB Fiorano,WAUJT68E95A015643,2007,Blue
455,Torrey,Ronnay,2023-10-26,Plymouth,Voyager,5J8TB3H36FL746825,1996,Khaki
456,Betteann,Rodmell,2022-10-03,GMC,Yukon Denali,2C3CA9CT7AH784134,2006,Pink
457,Lorianne,Camplin,2022-12-17,Jaguar,XF,5GAKRCED1CJ277204,2011,Maroon
458,Lauritz,Hinzer,2022-03-19,Dodge,Ram Van 3500,2B3CK8CT8AH975128,2000,Maroon
459,Gilberte,Deniset,2023-10-22,Maserati,GranTurismo,JH4DC53895S442678,2008,Fuscia
460,Siward,Fenech,2024-06-30,Scion,xD,1D7RV1GP8AS783257,2011,Pink
461,Kristi,Laible,2024-08-08,Acura,Integra,JM3ER2W32A0798714,1997,Maroon
462,Missy,Hame,2023-07-21,Ford,F-Series,1GD11XEG3FF376936,1994,Aquamarine
463,Alyson,Featherstone,2022-10-01,Rolls-Royce,Phantom,JTHKD5BH2B2991916,2009,Yellow
464,Elianore,Derx,2021-02-21,Dodge,Ram 50,WA19FAFLXDA753557,1992,Turquoise
465,Parnell,Bumphries,2025-01-15,Mazda,929,WAUJC58E65A009549,1989,Indigo
466,Lurlene,Conechie,2024-03-06,Land Rover,LR2,1G6AC5SX2F0280843,2010,Yellow
467,Osborn,Monnoyer,2021-01-18,Mitsubishi,Lancer,JN8AF5MR8CT698342,2005,Khaki
468,Dee dee,Tresler,2019-11-27,Buick,Somerset,JN1EY1AP3DM031616,1987,Pink
469,Laryssa,Kattenhorn,2022-05-28,BMW,Z4 M,SCFEDEAN4CG441919,2008,Teal
470,Glynis,Wix,2022-07-30,Mercedes-Benz,CL-Class,3N1CN7AP4FL805758,2009,Aquamarine
471,Lethia,Rodway,2022-08-28,Nissan,Altima,WAUSF98E26A011206,1995,Maroon
472,Federico,Immins,2023-04-30,Acura,NSX,WAU4FAFL4AA367578,1999,Khaki
473,Clem,Swendell,2023-05-12,Mercedes-Benz,S-Class,1G6KF57951U973493,1997,Violet
474,Humfrey,Blazi,2024-09-26,Audi,80,3VWF17AT9FM266869,1990,Violet
475,Chevalier,Gilardi,2020-10-03,Nissan,Murano,1FTEW1E87AK578513,2006,Purple
476,Kaja,Marrill,2023-10-29,Chevrolet,Impala,JTHBK1EG5A2563547,2009,Fuscia
477,Debee,Heball,2024-12-10,Cadillac,Seville,3D73M3HL2BG772957,1997,Purple
478,Edin,Maun,2019-11-28,Chevrolet,Silverado 1500,WBALM7C5XBE030515,2007,Orange
479,Joaquin,Buckland,2019-09-02,Buick,Regal,JN8AZ1MUXEW944202,1998,Violet
480,Wylie,Yemm,2024-04-21,Lexus,RX,3D4PH6FG3BT503786,2012,Violet
481,Bevvy,Fidoe,2022-10-19,Ford,F450,1G4GC5GRXCF505970,2008,Fuscia
482,Lucas,Prothero,2021-12-21,Chevrolet,Corvette,WBASP4C55BC255129,1959,Indigo
483,Cathy,Edmonds,2021-09-20,Volkswagen,Cabriolet,WBALL5C52EJ556284,1996,Crimson
484,Linnie,Deeming,2025-06-28,Acura,Integra,WBAVA33597F202111,1988,Indigo
485,Ofelia,Ledrane,2020-12-30,BMW,Z4,JN1CV6FE0AM540157,2005,Aquamarine
486,Margaux,Bridywater,2020-05-08,Mercedes-Benz,E-Class,WVWEU9AN5AE634353,1991,Yellow
487,Rudyard,Benneton,2022-01-21,Lincoln,Continental,TRUDD38J291566114,1997,Red
488,Editha,Ubsdell,2020-03-17,Ford,Econoline E150,1G6AF5SXXE0205930,1992,Mauv
489,Franky,Cliff,2024-09-14,Acura,TL,WP0CA2A81CS193357,2000,Khaki
490,Gery,Dikles,2023-10-23,Ford,Tempo,5J8TB4H32GL703834,1985,Puce
491,Cris,Hacard,2023-04-14,Volkswagen,Golf,1G6DG8EG1A0460502,2003,Purple
492,Feliks,Fleisch,2023-04-09,Toyota,Camry,WBA3F9C5XEF660099,1994,Violet
493,Modestia,Klosser,2020-01-04,Mercury,Mystique,1HGCR2E30DA360551,1997,Mauv
494,Kalinda,Keogh,2020-05-10,Suzuki,XL-7,WAUDF78E68A661091,2005,Crimson
495,Ray,Tukesby,2024-12-24,Dodge,Viper RT/10,WAULT68E05A789921,1994,Turquoise
496,Winston,Minchi,2022-01-12,Kia,Sedona,5N1AT2MK6EC658913,2012,Green
497,Sauncho,Fockes,2020-01-22,Mercedes-Benz,SL-Class,WBAUL73509V813697,2002,Crimson
498,Tova,Bielby,2023-11-30,BMW,645,2G4WE587561843596,2004,Teal
499,Bernice,Bullen,2020-08-17,Kia,Sedona,WUARL48H08K746354,2010,Crimson
500,Rosemary,Chataignier,2020-08-19,Oldsmobile,Toronado,1G4HP54K844544599,1966,Green
501,Karna,Climpson,2020-12-21,Ford,Crown Victoria,19UUA66248A844737,2009,Turquoise
502,Pier,Sporrij,2020-09-09,GMC,Savana 3500,YV1672MC6DJ260306,2001,Aquamarine
503,Jenifer,Galloway,2021-06-21,Isuzu,VehiCROSS,JTHBE1KS1B0578382,1999,Turquoise
504,Norina,Goldis,2023-02-02,Kia,Optima,WBABD33415P256950,2003,Blue
505,Netta,Campione,2024-01-04,Suzuki,Swift,3VW467AT9CM520147,1995,Yellow
506,Stanwood,Kirkham,2021-08-06,Lincoln,Mark LT,3D73M3CL9BG330667,2006,Pink
507,Malchy,Di Biasi,2021-02-16,Mazda,929,1FTWW3DY0AE352278,1994,Puce
508,Carlita,De Gowe,2019-11-02,BMW,M3,19UUA8F22DA461806,2006,Maroon
509,Linn,Rogan,2020-05-11,MINI,Cooper,3C4PDCAB2CT967141,2004,Turquoise
510,Derrik,Pimley,2020-01-17,Nissan,Rogue,TRUSC28N511842894,2008,Crimson
511,Maura,Pleasaunce,2022-04-15,Chevrolet,Cavalier,WAURVAFA8AN578931,2002,Puce
512,Dicky,Caudell,2022-11-21,Porsche,911,JH4CW2H63DC792633,1995,Fuscia
513,Roarke,Scarbarrow,2020-05-24,Mercedes-Benz,CLS-Class,3FA6P0LU8FR495955,2007,Mauv
514,Michael,Germann,2020-08-11,Chevrolet,Cobalt SS,SCBLC43F15C893171,2009,Teal
515,Monty,Karpe,2022-09-05,Pontiac,Safari,WAUBF98E28A238396,1988,Orange
516,Valenka,Norledge,2024-09-13,Buick,Enclave,WDDEJ7EB4BA524356,2008,Mauv
517,Ardra,Clowes,2023-09-26,Mercury,Grand Marquis,2B3CK3CV0AH278914,2010,Pink
518,Rosalinde,Matsell,2022-04-22,Chrysler,Crossfire,1FTMF1EW6AF903526,2007,Violet
519,Rosella,Cobby,2021-04-29,GMC,Yukon,JM1NC2SFXF0414941,1997,Puce
520,Lesly,Hawson,2022-09-28,Mitsubishi,GTO,JTEBU4BF9DK503439,1990,Orange
521,Murdoch,Averies,2019-11-10,Honda,Insight,3D73Y4CLXBG997984,2003,Blue
522,Nerti,Eastment,2021-06-12,Isuzu,Ascender,1GKS1AE04ER409940,2004,Purple
523,Eb,Tolcher,2021-10-17,Mercedes-Benz,W201,1G6DP57V790512916,1993,Blue
524,Pascal,Sprigings,2020-05-01,Chevrolet,Suburban 2500,WBAKF5C52BE379405,2012,Yellow
525,April,Misson,2021-07-04,Suzuki,X-90,1D7RB1GT6BS610411,1996,Maroon
526,Thomasa,Preece,2019-12-30,Mazda,MX-5,WAUYGAFC2DN456903,1992,Teal
527,Dore,Selliman,2024-08-14,Chevrolet,Cobalt SS,1GYS4BEF7ER656571,2007,Indigo
528,Merrill,Mackin,2022-08-05,Mitsubishi,GTO,JTEBU5JRXE5465799,1996,Turquoise
529,Micaela,Milius,2019-11-27,Nissan,Sentra,1FTWW3CY4AE508176,1995,Yellow
530,Felix,Lace,2022-10-25,Hyundai,Sonata,3GYFNDE31ES003652,2004,Aquamarine
531,Bartholomeo,Clampton,2023-10-14,GMC,Savana 2500,2HNYD18281H044385,1998,Crimson
532,Dulciana,Doche,2022-02-06,Volkswagen,New Beetle,4T1BK1EBXFU124292,2002,Orange
533,Elvira,Casella,2024-02-15,Buick,Park Avenue,WBSDE93463C410268,2005,Aquamarine
534,Clive,Boardman,2023-11-19,Lincoln,Continental,19UUB2F55FA369810,1995,Purple
535,Rasla,Biss,2025-05-28,Oldsmobile,Cutlass Supreme,1FTWF3A51AE284261,1997,Teal
536,Mallory,Guidi,2022-08-04,Kia,Sportage,JH4CU2F48CC748293,1999,Teal
537,Noe,Filippone,2020-12-27,BMW,M6,1FTEX1EW6AK842381,2007,Teal
538,Leese,Sommerled,2024-03-01,Lamborghini,Diablo,1G6DX67D270086157,1995,Violet
539,Cesar,De La Cote,2022-10-03,Maybach,62,JH4KB16527C146497,2003,Indigo
541,Meryl,Nussey,2023-04-16,Pontiac,Firefly,JN1AY1AR0DM909776,1994,Turquoise
542,Anna-diane,Colicot,2020-03-30,Honda,Ridgeline,2G4WB52K111975463,2007,Goldenrod
543,Doroteya,Duprey,2020-11-08,Plymouth,Acclaim,WBA3B1C54EP637196,1993,Purple
544,Elise,Claque,2020-01-19,GMC,Sonoma,SALVP1BG8EH932871,2003,Red
545,Harrison,McKall,2020-03-23,Toyota,Camry,1G6DP577770223002,2005,Red
546,Matteo,Dennett,2019-07-10,Ford,Fusion,WAUNG94F39N978879,2007,Mauv
547,Guy,Dietmar,2020-04-06,Mercury,Sable,JM1CW2CL8F0387435,1999,Indigo
548,Karee,Randell,2023-11-02,Mazda,GLC,1G4HP54KX5U021957,1984,Khaki
549,Marchall,Purveys,2020-08-10,GMC,Savana 2500,5FRYD4H8XEB771887,2010,Violet
550,Elianora,Schrinel,2021-04-21,Chevrolet,Astro,WBSBL93496P937649,2001,Pink
551,Dietrich,Bantham,2022-07-20,Suzuki,SJ,SCBLC47JX9C251472,1986,Blue
552,Felicio,Flippini,2020-07-27,Buick,Park Avenue,WA1EY74L58D460054,1998,Mauv
553,Thibaut,Eayrs,2024-12-12,Mazda,B-Series Plus,1GD21ZCG7CZ977361,1992,Red
554,Kennith,Peachey,2023-11-12,Toyota,Avalon,1G6DS1E31D0378941,2001,Turquoise
555,Gabriel,McCorkindale,2023-06-18,Nissan,Altima,1FTSW3B50AE945937,2011,Pink
556,Roderigo,Carmichael,2024-03-23,Mitsubishi,Diamante,1GD12ZCG8CF323205,1998,Mauv
557,Keven,Segges,2022-08-18,Mercury,Mariner,WAUKGAFB2BN988467,2009,Khaki
558,Breena,Whewell,2019-08-14,Mitsubishi,Cordia,SALAK2V68FA298039,1986,Fuscia
559,Munroe,Rumke,2019-08-11,Ford,Taurus,WBADN53453G316579,2008,Red
560,Darline,Pavkovic,2023-10-11,Subaru,Tribeca,JH4DC53824S673081,2006,Khaki
561,Byran,Grayer,2023-10-22,Buick,Roadmaster,2C3CCAPT5CH480941,1995,Orange
562,Paco,Venneur,2021-09-22,Ford,F-Series,1G6DA5E5XC0995118,1990,Blue
563,Ardella,Marton,2023-12-11,Nissan,Pathfinder,JH4CL95938C374143,1997,Aquamarine
564,Karol,Blampy,2022-04-27,Dodge,Ram Van 2500,WBA3N9C50EK603954,1996,Red
565,Cary,Allsup,2025-01-30,Mazda,B-Series,YV126MFD0F1569484,1993,Mauv
566,Melony,Buscher,2019-08-15,GMC,1500,WBA5A7C58FD949863,1997,Red
567,Aundrea,MacCambridge,2024-01-27,Chrysler,Crossfire,WAUSF98K99N482904,2006,Aquamarine
568,Ardeen,Belsey,2020-06-17,Hummer,H1,2G4WD582X81256868,1997,Teal
569,Tobin,Manjin,2022-08-10,Eagle,Talon,1NXBU4EE2AZ868936,1991,Fuscia
570,Hanny,Dionisii,2024-07-11,GMC,Envoy,SCBFT7ZA4FC115748,1998,Khaki
571,Kin,Dickerline,2022-10-29,Toyota,RAV4,4JGBB9FB0AA287265,2003,Turquoise
572,Linette,Scotcher,2019-11-10,Cadillac,CTS-V,YV4940BZ7E1417203,2009,Blue
573,Kori,Welberry,2023-07-18,Ford,E150,1C6RD7LPXCS758652,2009,Aquamarine
574,Onofredo,Aldcorn,2023-08-31,BMW,7 Series,5NPDH4AE6BH303429,1998,Aquamarine
575,Mariam,McCard,2021-10-17,Jeep,Wrangler,4T1BF3EKXAU448500,1994,Aquamarine
576,Trenton,Roden,2024-11-20,Alfa Romeo,164,SCBLF44J78C368405,1993,Indigo
577,Fairfax,Suart,2023-10-01,Mercedes-Benz,SLR McLaren,WBA3C3G52FN457103,2008,Green
578,Nance,Jakoubec,2023-07-26,Ford,Explorer Sport Trac,JTDJTUD3XDD605519,2008,Yellow
579,Janelle,Donati,2023-09-22,Ford,Escape,2C3CA6CT9AH334645,2004,Khaki
580,Kerr,Posvner,2022-11-19,Oldsmobile,Bravada,5FNYF3H27CB735511,2003,Green
581,Kristofer,Kleinbaum,2024-12-28,Volkswagen,Eos,KMHHT6KD5BU236258,2010,Green
582,Sile,Milch,2023-03-18,Pontiac,Firefly,WBANB33564B979457,1992,Pink
583,Karia,Rego,2025-05-28,Chevrolet,Express 2500,WAUD2AFD2DN952614,2004,Pink
584,Kurt,Boom,2024-01-13,Chrysler,Crossfire,1FMEU5DE3AU035602,2008,Indigo
585,Ardith,Bartos,2023-09-28,Chevrolet,Caprice,WBABD33456P200852,1992,Violet
586,Pascale,Gallone,2019-10-31,Ford,Escort ZX2,WAUKF78E88A847352,2003,Red
587,Ric,Lucchi,2019-07-08,Pontiac,Grand Prix,2HNYD28848H568279,1994,Goldenrod
588,Hildegaard,Dornan,2020-10-15,Jaguar,S-Type,WAUFGBFC7DN051407,2007,Crimson
589,Opal,Schultheiss,2021-03-17,Honda,Prelude,1G6AK5SXXD0369611,1993,Aquamarine
590,Herc,Bullough,2021-11-20,Chevrolet,Tahoe,WBAPM5C56BE415172,1995,Blue
591,Ky,McFie,2025-03-22,Dodge,Ram Van 2500,2G4WD552061780936,1999,Violet
592,Charmine,Strevens,2022-09-04,Dodge,Ram Van 3500,JH4NA21654T363320,1997,Aquamarine
593,Carlye,Borg,2022-12-08,Audi,A4,1C4RDHEGXDC465261,2005,Orange
594,Clark,Rodgers,2023-11-23,Dodge,Dakota Club,WA1YD64B53N059956,1997,Orange
595,Shoshanna,Lark,2024-12-08,Dodge,Avenger,WBA3B3C51FJ312831,1995,Khaki
596,Alexandro,Darnbrough,2020-05-14,Geo,Metro,5TDDK4CC8AS593338,1997,Goldenrod
597,Jana,Bodycombe,2024-02-14,Mercedes-Benz,E-Class,1GYEE437390768795,1990,Indigo
598,Ricardo,Dufore,2023-11-22,Audi,100,3VW4A7AT0DM285170,1990,Crimson
599,Del,Dwine,2024-07-04,Dodge,Ram Van 3500,3VWC17AU4FM003376,1996,Yellow
600,Mayne,Hale,2020-04-12,Mitsubishi,Truck,4USFE43597L513888,1991,Red
601,Devondra,Haskell,2022-12-09,Isuzu,Rodeo,WAUJGAFC5DN962419,1994,Teal
602,Silvia,Pole,2024-05-16,Nissan,Frontier,WAULT58E82A148473,2007,Crimson
603,Miles,MacCroary,2020-11-03,Mercury,Grand Marquis,NM0KS6BN9AT407987,2001,Orange
604,Quinton,Ambrogini,2022-09-10,Lamborghini,Gallardo,JH4CU2F43EC811870,2004,Violet
605,Corine,McCahill,2022-11-03,Ford,Expedition EL,1FMEU5BE6AU234145,2009,Mauv
606,Hendrika,Leale,2019-10-28,Chevrolet,Camaro,KMHEC4A4XEA604870,1981,Fuscia
607,Jessee,Kantor,2021-02-07,Chevrolet,Silverado 3500,1G6DK5E37C0768643,2002,Puce
608,Reilly,Nestle,2023-09-11,Pontiac,Grand Am,SCBLF34F45C852341,2001,Orange
609,Benjie,Blaza,2023-04-12,Volkswagen,Scirocco,4A4AP3AU8DE218370,1988,Teal
610,Caitlin,Broodes,2019-07-18,Lotus,Esprit Turbo,WAUDG78E25A971652,1984,Violet
611,Jackqueline,Ringwood,2019-10-21,Plymouth,Grand Voyager,1FAHP2DW5AG297810,1996,Green
612,Morgun,Iorizzo,2020-07-26,Nissan,Armada,WA1WKBFP6CA326429,2006,Turquoise
613,Sid,Houldey,2025-01-29,Acura,Legend,1N6AA0CH1EN126877,1987,Pink
614,Lena,Fulker,2024-09-29,GMC,Sierra 1500,JTEBU5JR4F5842144,2011,Crimson
615,Wesley,Brashaw,2024-08-16,Honda,Pilot,1D7CE5GK3AS830776,2006,Indigo
616,Ramona,Phillput,2021-06-16,Oldsmobile,Toronado,3GYT4MEF4BG545715,1966,Crimson
617,Shannon,Dungay,2023-12-03,GMC,Savana 1500,WA1VMBFE6AD359169,1997,Yellow
618,Felicio,Greason,2023-07-28,Mercedes-Benz,S-Class,1D7RV1CT9AS404429,1999,Crimson
619,Ruthann,Heathfield,2023-09-25,Mercedes-Benz,Sprinter 2500,ZHWGU6BZ5CL815483,2011,Blue
620,Aldwin,Loughren,2023-10-14,Hyundai,Accent,JN1AY1AR7DM961437,2001,Teal
621,Branden,Hanscomb,2022-08-14,Daewoo,Lanos,1FMJK1H56EE070142,2002,Violet
622,Stanley,Reynoollds,2022-03-23,Chevrolet,Cavalier,1G6DK5EY9B0009745,1994,Khaki
623,Dinah,Rothery,2019-07-02,Buick,LaCrosse,1N4AB7APXEN711112,2007,Goldenrod
624,Nolana,Du Pre,2024-06-06,Cadillac,SRX,KNAGN4AD4F5220808,2009,Turquoise
625,Lenette,Heigho,2022-08-28,BMW,X3,KNADH4A31B6749333,2008,Green
626,Hilly,Sandlin,2021-05-29,Ford,Crown Victoria,WAUSG74F19N497391,1998,Turquoise
627,Genovera,Noye,2022-01-13,Chrysler,Town & Country,1G6DZ67A880167598,2000,Aquamarine
628,Hakim,Duggan,2023-01-16,Ford,F250,1D4PT4GK8AW679425,1999,Goldenrod
629,Nari,Attewill,2024-06-02,Acura,RDX,1FMEU5BEXAU679262,2008,Green
630,Giovanni,MacGruer,2025-02-15,Dodge,Ram 2500,1GYEK63N23R097867,1999,Red
631,Marchall,Jeayes,2020-06-13,Toyota,Tacoma Xtra,WBA3V5C59EJ934711,2002,Crimson
632,Fidelio,Riditch,2019-11-21,Lexus,LS Hybrid,5GADV33127D865808,2012,Turquoise
633,Leonora,Callen,2022-11-26,Oldsmobile,88,2HNYD18262H822538,1993,Indigo
634,Liva,Gibbieson,2022-04-30,Volvo,C70,1GKKRNED1CJ102594,2007,Green
635,Gerek,Linner,2021-11-07,Mercury,Cougar,JM3KE2BE3D0958948,1986,Goldenrod
636,Donelle,Jeste,2023-08-27,Toyota,Camry Hybrid,2C3CCAET1CH910547,2012,Maroon
637,Che,Matteotti,2020-04-24,Honda,Odyssey,1FTEW1C80AF408005,2007,Mauv
638,Caressa,Wing,2021-04-06,Ford,F150,SCBDR33W87C349718,1994,Mauv
639,Tedmund,Wackly,2023-10-28,MINI,Cooper,WBAVD535X8A654103,2002,Green
640,Carole,Aneley,2022-04-20,Chevrolet,Silverado 2500,JH4KB16507C649770,2012,Goldenrod
641,Cassy,Bogeys,2020-09-26,Chevrolet,G-Series G30,3VWKP7AJ0EM634222,1995,Aquamarine
642,Gilda,Di Antonio,2021-12-17,Suzuki,Swift,1G6DC5E51C0204534,1988,Pink
643,Sherie,Craft,2020-07-12,Mercedes-Benz,SLK-Class,WBAPM5C50BA212916,2007,Orange
644,Venita,Gubbin,2021-04-26,Nissan,Maxima,1N6AA0EC4EN979064,1994,Blue
645,Ivett,Kitchaside,2024-12-03,Dodge,Ram 1500,1FAHP2DWXCG631560,1994,Red
646,Jan,Zanardii,2020-07-23,Honda,Prelude,WAUDF78E56A879035,1985,Aquamarine
647,Munroe,Ruttgers,2022-07-18,Oldsmobile,Toronado,WBAGL634X4D402935,1992,Fuscia
648,Dennie,Laybourne,2023-09-30,MINI,Cooper,WBAFR7C57DD985344,2005,Orange
649,Cathryn,Bridewell,2024-07-26,Dodge,Ram 1500 Club,5NPDH4AE7BH101540,2000,Crimson
650,Rodrick,Godin,2021-03-11,Dodge,Charger,WVGAV7AXXAW952802,2007,Green
651,Wye,Arnaldo,2020-01-19,Volkswagen,Fox,WAUDF48H28K946227,1992,Khaki
652,Ricard,Rishbrook,2019-11-12,Chevrolet,S10,SAJWA6AT0F8356446,1993,Khaki
653,Caria,Oloshin,2020-07-07,Saturn,VUE,JTMHY7AJXA5382974,2003,Khaki
654,Elaina,Pyson,2021-07-21,Buick,Century,WA1VMBFE3DD285164,1998,Red
655,Davie,Dwane,2024-07-02,Suzuki,SX4,3D7TP2CT6BG405844,2011,Orange
656,Gregg,Buckner,2019-08-19,Honda,Passport,5TDDK3DC0FS313296,2000,Teal
657,Itch,Jillions,2021-07-26,Buick,Park Avenue,1G6DP577270962570,1992,Yellow
658,Nana,Gonet,2021-09-09,GMC,Sierra 2500,1G6DP8EV9A0268291,2002,Aquamarine
659,Darill,Purkiss,2020-02-18,Isuzu,i-280,1G6YV36A775741784,2006,Violet
660,Prudi,Towle,2021-03-16,BMW,6 Series,WVGAV3AX1EW705277,2006,Mauv
661,Anne-marie,Waitland,2021-03-30,Volvo,C70,WAUVT58E24A115237,2006,Red
662,Gertrude,Cargen,2024-10-13,Mitsubishi,Diamante,1D7RB1CT4BS588396,1998,Fuscia
663,Gayle,Ramiro,2024-10-19,Subaru,SVX,5FRYD4H96GB733133,1996,Crimson
664,Ginger,Duffill,2024-08-05,Ford,Mustang,JTHDU1EF5E5680625,1995,Turquoise
665,Jacinta,Lacaze,2020-06-27,Lotus,Esprit,WBAYF4C5XDD959675,1993,Pink
666,Deina,Mizzi,2019-10-29,Dodge,Ram 1500,5N1AA0NC9DN331202,2007,Goldenrod
667,Manfred,Culmer,2020-04-25,Cadillac,CTS,2HNYD182X6H561985,2006,Turquoise
668,Ferrel,Hyne,2020-05-21,Volvo,S80,1G4HG5EM5AU866760,2007,Yellow
669,Marty,Finnan,2021-03-04,Toyota,Avalon,1FADP5AUXDL926492,2001,Red
670,Roberto,Sparrowhawk,2025-03-22,Ford,Focus,WBAGK93491D837185,2012,Goldenrod
671,Inge,Gosden,2020-06-28,Suzuki,Samurai,2HNYD28508H496308,1993,Crimson
672,Pammy,Robert,2020-04-28,Hyundai,Sonata,WBAYM1C56DD650712,1993,Violet
673,Tiff,Alderson,2023-05-06,Ford,Escape,JTJBM7FX2F5829171,2002,Puce
674,Faye,McCarry,2020-07-12,Audi,A5,SCFEDCAD0AG204627,2008,Green
675,Winny,Volant,2020-04-19,Daewoo,Nubira,1G6KS54Y92U724736,2002,Turquoise
676,Denna,Dallimare,2025-02-22,GMC,3500 Club Coupe,WAUEH78E37A408310,1994,Violet
677,Dorothea,Pashen,2024-02-17,Ford,Fusion,5FRYD3H43GB208948,2008,Indigo
678,Shaughn,Linkleter,2023-12-15,Pontiac,Grand Prix,TRUUT28N831929054,1982,Mauv
679,Josias,Guy,2020-03-11,Volkswagen,Passat,WBAUP7C53BV591618,2001,Green
680,Perceval,Culkin,2021-08-22,Maserati,430,WAUAF78E36A480708,1989,Purple
681,Naomi,Allworthy,2024-04-23,GMC,Vandura G2500,WBAPK5G52BN059822,1995,Orange
682,Dianemarie,Heigold,2019-07-04,Subaru,Justy,SCFAB01A57G796768,1994,Fuscia
683,Catherina,Caldroni,2023-08-15,Ford,Ranger,3VW8S7ATXFM824735,2008,Puce
684,Elspeth,Pavlik,2022-12-14,Toyota,Sienna,WAULT58E25A559890,2012,Mauv
685,Waylan,Stormont,2020-07-01,Mitsubishi,Outlander,WAUSH74F48N591051,2004,Purple
686,Aldo,MacAne,2025-01-23,Mazda,Mazda5,JTHBW1GG5E1040963,2009,Puce
687,Colet,Soigoux,2025-02-08,Ford,E-Series,JTDZN3EU3D3469772,1989,Pink
688,Stefania,Hardcastle,2022-08-30,Buick,Rendezvous,WAUUL78E66A245757,2006,Mauv
689,Pearla,Mitro,2020-12-21,Chevrolet,Suburban 1500,WAUDF68E05A979343,2009,Purple
690,Norina,McAreavey,2021-03-25,Dodge,Caravan,WAUSF78K09A622754,2002,Goldenrod
691,Florette,Mathys,2025-01-05,Lincoln,Town Car,1G6DJ5EY6B0977143,1985,Fuscia
692,Kimmy,Wadie,2019-09-26,Hyundai,Sonata,WAUWFBFL1CA488733,2012,Indigo
693,Ladonna,Sutherden,2019-12-28,Suzuki,Grand Vitara,JN8AF5MR0CT184470,2009,Indigo
694,Hyacinthe,Lambrecht,2022-07-14,Mercury,Montego,WAULT68E22A971082,2006,Pink
695,Sibbie,Pimlott,2020-01-22,Nissan,300ZX,3VWJP7AT2CM303118,1993,Teal
696,Gannie,Grafom,2023-03-31,Chevrolet,3500,SAJWA0JH4EM979230,1992,Green
697,Brita,Elintune,2022-10-25,Lexus,LS,1FTWX3B57AE226148,1999,Violet
698,Cinda,Schimke,2019-09-27,Isuzu,i-280,SALAB2D40CA992980,2006,Green
699,Blondy,McVaugh,2021-10-02,GMC,Vandura 3500,5N1BA0NC5FN297296,1994,Khaki
700,Robenia,Treadway,2020-10-30,Nissan,Sentra,5TDBK3EH2DS055488,1999,Violet
701,Daryl,Vooght,2022-05-07,GMC,Sierra 1500,1G6AT5S32E0885084,2012,Yellow
702,Edeline,Presman,2021-06-13,Chevrolet,Camaro,5N1AN0NU2FN412042,1985,Red
703,Sharyl,Crowcroft,2022-11-29,Lexus,ES,4T3BA3BB8FU160489,2000,Aquamarine
704,Lacy,Patel,2022-03-23,BMW,3 Series,JHMGE8G39CC436894,1998,Violet
705,Malva,Clemintoni,2024-02-03,Land Rover,LR2,WAURFAFR9AA146181,2010,Pink
706,Zacherie,Ollerenshaw,2024-08-29,Mitsubishi,Precis,1G6KF579X5U361280,1992,Khaki
707,Egbert,Fellini,2020-12-17,Acura,RL,3C3CFFER7DT437819,2010,Green
708,Nydia,Midghall,2022-05-16,Mercedes-Benz,G-Class,WAUVC68E05A745796,2011,Pink
709,Annora,Grigorini,2022-11-01,BMW,3 Series,WBALL5C51FP439536,2007,Teal
710,Benoit,Colerick,2022-07-23,BMW,Z4 M,WBA3A5C50EF601652,2007,Maroon
711,Abbe,Byrd,2021-05-05,Dodge,Ram Wagon B350,1GYUCEEJ7AR867877,1992,Puce
712,Nataline,Twidle,2023-10-16,BMW,Z4 M,WAUDG58E45A849346,2007,Aquamarine
713,Alayne,Filippone,2023-07-14,Infiniti,QX,JM1NC2JF3B0166852,2012,Turquoise
714,Kit,Beedie,2021-06-08,Cadillac,CTS,JM1CR2W31A0576830,2006,Violet
715,Bernetta,Edmund,2022-04-10,Mazda,323,YV1902MD9F1404606,1992,Blue
716,Martyn,Ivanets,2022-04-22,Honda,Pilot,SCFFDAAE7BG245162,2004,Teal
717,Celle,Stronge,2023-09-19,Suzuki,Kizashi,WAUJFAFH4AN014569,2012,Violet
718,Pamella,Culham,2021-09-07,Mitsubishi,Lancer,5FRYD3H62EB650442,2010,Maroon
719,Wayne,Fonso,2021-10-22,Volvo,S80,JM1NC2JF9E0494829,2009,Aquamarine
720,Sidonia,Farland,2022-01-17,Lexus,GX,1G6DP8EV1A0129322,2003,Green
721,Alia,Flowitt,2023-08-11,Maybach,62,1G6YV36A085072579,2004,Puce
722,Jessa,Clymo,2020-12-24,Mercedes-Benz,CL-Class,1G6DJ8E33D0125275,2000,Crimson
723,Bryanty,Bisp,2021-09-21,Mitsubishi,Truck,1GD01ZCG9DF037332,1989,Puce
724,Woodie,Feld,2019-09-11,Lexus,GX,1GKUCHE08AR117178,2003,Pink
725,Fredrika,Baynard,2024-11-10,Kia,Sedona,WA1VMBFE5CD965193,2010,Khaki
726,Reinaldo,Mozzini,2022-11-17,Isuzu,Ascender,1G4HP54K63U433404,2004,Turquoise
727,Hildy,Plumptre,2025-01-15,Ford,Ranger,WDCGG0EB4DG695109,1989,Orange
728,Torie,Lancaster,2024-08-12,Cadillac,Seville,1G6DM8ED5B0041987,2001,Violet
729,Laurel,Mayling,2023-11-09,Audi,A4,JTDKN3DU2A0352944,2011,Teal
730,Dix,Bolden,2020-07-17,Jeep,Patriot,WAUFFAFL5FA817657,2007,Khaki
731,Merle,Speare,2019-12-05,Oldsmobile,Silhouette,1C4NJCBA9FD790507,1992,Yellow
732,Barnaby,Habden,2021-11-17,Cadillac,Seville,5UXWX7C54CL106782,2002,Khaki
733,Rhea,Balogun,2021-05-22,Cadillac,DeVille,1GYEC63858R822957,2004,Fuscia
734,Laughton,Bourhill,2023-04-13,Volvo,XC90,5UXFG8C59CL204762,2005,Mauv
735,Tyrus,Tumility,2023-04-01,Hummer,H1,JA32U1FU4DU588558,1995,Orange
736,Haroun,Artrick,2023-06-28,Chevrolet,Tahoe,1G4GB5GR5CF140018,1995,Orange
737,Bernette,Ubsdale,2022-12-07,Ford,Festiva,JN8AF5MR7CT779817,1991,Teal
738,Carmencita,Samwyse,2022-09-24,Volvo,V70,WDCYC3HF9CX665120,2003,Crimson
739,Cathe,Mingaye,2022-07-24,Lotus,Esprit,KL4CJCSB6DB351199,2002,Puce
740,Richmond,Saur,2022-12-09,Pontiac,Tempest,JH4CW2H58DC537970,1965,Aquamarine
741,Nelia,Bratchell,2021-04-10,Ford,E250,JTHBB1BAXA2408797,2007,Teal
742,Maximilianus,Westwood,2019-08-03,Ford,GT,2G4WE587471836429,2006,Blue
743,Rogerio,Batram,2020-08-07,Mercury,Milan,JN8AF5MR5CT836533,2009,Turquoise
744,Harriet,Lorand,2021-11-04,Mercury,Grand Marquis,2B3CA9CV2AH560493,1986,Khaki
745,Rennie,Crown,2023-10-17,Chrysler,Sebring,2HNYD2H80DH954885,2003,Teal
746,Vinnie,Filippone,2022-07-12,Mazda,B-Series,1G6DV8EP1D0374178,2009,Mauv
747,Barbette,Aleksandrev,2023-04-06,Acura,Integra,3GYFNEE32ES584925,1996,Blue
748,Lidia,Esson,2019-12-15,Nissan,Altima,WAUGL58E35A186697,2001,Turquoise
749,Seward,Wellbelove,2022-02-19,Jeep,Liberty,1GD11ZCG6BF888148,2011,Purple
750,Gerry,Woolland,2025-02-23,Honda,S2000,WAUHF98P46A297023,2000,Blue
751,Saunder,Bucham,2020-04-26,Mitsubishi,RVR,WAUDFAFC7CN908392,1995,Teal
752,Robby,Fominov,2019-09-16,GMC,Jimmy,WDDHF7GB9EB104702,2001,Khaki
753,Sully,Bartels,2025-02-09,Mercedes-Benz,SL-Class,1GKS1HE03BR038936,1990,Pink
754,Madelyn,Diglin,2020-02-13,Lincoln,Navigator L,1C3CDZCB3EN845443,2012,Mauv
755,Enrichetta,Ivashov,2023-06-17,Pontiac,Firefly,YV140MAM9F1377255,1988,Pink
756,Adams,Esson,2023-09-13,Ford,Explorer,1G6DH8E36E0603976,2006,Puce
757,Glendon,Kettlewell,2025-04-18,Pontiac,GTO,ZHWGU6AUXCL552025,1969,Violet
758,Heinrick,Hoffner,2022-02-22,Lincoln,Town Car,JN8AZ1MUXDW997884,1994,Mauv
759,Ambur,Bimson,2020-06-08,BMW,X6 M,WBAYM1C56DD538850,2011,Teal
760,Goldi,Novacek,2020-05-31,Mazda,Mazda6,1C3BC2FB9BN486774,2013,Red
761,Kara,Pillans,2023-06-21,BMW,330,3VW1K7AJ0FM863821,2005,Teal
762,Bettina,Skynner,2024-09-24,Mercedes-Benz,S-Class,1FMEU3DE8AU362100,2011,Turquoise
763,Marilee,Gass,2019-12-22,Dodge,Daytona,4A31K3DT4AE466794,1984,Maroon
764,Krishna,Hoopper,2019-11-07,Holden,VS Commodore,3N1AB6AP2BL178627,1996,Goldenrod
765,Olive,Beardow,2020-06-23,Mitsubishi,Lancer,WAUDN94F68N826210,2010,Mauv
766,Dona,Bumpas,2023-08-18,Chevrolet,Corvette,3GYFNAE36ES295006,1961,Khaki
767,Stafani,MacDonagh,2021-08-04,Chevrolet,S10,1GD12ZCG0BF275231,2001,Violet
768,Marita,MacGraith,2023-01-28,Lamborghini,Murci√©lago,5N1AL0MM9FC281324,2006,Orange
769,Benedict,Simek,2023-01-24,Ford,Aspire,YV4612HK2F1527076,1995,Yellow
770,Cynthy,Edensor,2022-08-22,Mazda,Mazda6,SAJWA4DC4EM390010,2008,Puce
771,Erda,Dallmann,2025-03-10,Subaru,Impreza,1G6DV5EP6E0517934,1995,Indigo
772,Cleve,Deniscke,2022-06-28,Volvo,S60,1FTEW1C81AF900218,2011,Purple
773,Miguela,Addenbrooke,2023-07-13,Acura,Integra,3GTU2YEJ1BG435331,1997,Maroon
774,Hirsch,Yekel,2024-01-18,Volkswagen,Passat,WBAUL735X8V848942,1992,Turquoise
775,Car,Gallard,2025-03-17,Dodge,Ram Van B250,WAUML54BX3N143480,1994,Khaki
776,Celestine,Lindbergh,2024-09-17,GMC,Sonoma,1B3CB1HA8AD656078,2001,Yellow
777,Nikaniki,Enoch,2025-03-12,Subaru,Baja,WVGEF9BP2DD689794,2004,Puce
778,Blinni,Guirard,2023-06-04,Ford,Escort,3D73Y4HL0BG823687,2004,Khaki
779,Annadiane,Raisbeck,2023-08-12,Dodge,Ram 3500,KMHTC6ADXDU794198,1999,Puce
780,Bendicty,Kelloway,2021-02-24,Kia,Optima,WVGAV7AX5CW991882,2010,Goldenrod
781,Patricia,Romaines,2024-08-16,Toyota,MR2,1FTWW3B5XAE909965,1987,Orange
782,Enos,Silbersak,2019-12-11,Toyota,Supra,1D4PT5GK5BW447758,1993,Teal
783,Laetitia,Billinge,2023-11-26,GMC,1500,JN1CV6AP1FM326181,1995,Maroon
784,Anderson,Matanin,2019-08-19,Dodge,Dakota,WDCGG0EB0FG236985,2002,Purple
785,Darnall,Oppie,2021-06-04,Lexus,IS,WBAVA37568N315967,2003,Pink
786,Fionna,Gorghetto,2022-09-23,Dodge,Viper,WAUHF98P17A179903,2000,Turquoise
787,Geneva,Oles,2023-01-22,Dodge,Sprinter,1N6AA0EC8FN114423,2009,Puce
788,Yasmeen,Chapling,2024-02-27,Mazda,MX-5,3C3CFFCR7DT223108,1998,Green
789,Ethelin,Carlson,2020-06-23,Mercedes-Benz,SL-Class,2C3CCAGG5DH972289,1999,Turquoise
790,Xymenes,Dominici,2023-06-30,Mitsubishi,Challenger,WAUEFAFL9BA114598,1999,Teal
791,Jayson,Clements,2022-03-22,Subaru,Brat,1FMCU4K31BK006597,1984,Green
792,Madelina,Scales,2024-06-08,Hyundai,Tucson,1G6KE54Y74U322272,2007,Yellow
793,Leupold,Sked,2023-08-17,Chevrolet,Silverado 3500HD,4USBU33566L388472,2006,Turquoise
794,Codie,Jinks,2023-06-29,Ford,F-Series Super Duty,4A31K2DFXAE383505,2012,Red
795,Elaina,Merfin,2025-04-03,Buick,Regal,WDDJK7DA4EF372509,1994,Aquamarine
796,Leone,Balstone,2020-05-23,Lexus,SC,1G6KD57YX7U269120,2008,Pink
797,Vinnie,Meier,2021-03-11,GMC,Sierra 1500,SCBFH7ZA2FC094030,2012,Crimson
798,Gilburt,Charrette,2020-06-16,Ferrari,599 GTB Fiorano,JTDBT4K38C1109173,2008,Pink
799,Ody,Van den Velde,2020-06-06,Chrysler,300,WAURFAFR9EA726861,2009,Khaki
800,Brear,Trehearne,2021-08-19,Maybach,57,JHMZE2H34DS537546,2010,Blue
801,Belvia,Bayne,2024-07-16,Volkswagen,Corrado,WAUDF98E68A303713,1991,Purple
802,Rosana,Siege,2021-06-26,Mercedes-Benz,CLK-Class,KNAFT4A23A5749479,1998,Indigo
803,Dew,Belliveau,2020-09-01,Subaru,SVX,1G4CU541234847659,1993,Indigo
804,Truman,Paule,2024-06-12,Mercedes-Benz,SL-Class,1G6DN57S340557503,1985,Puce
805,Kendall,Stubs,2019-12-09,Audi,S5,KMHEC4A42FA201645,2008,Indigo
806,Jessee,Goldingay,2019-09-13,Nissan,Maxima,1FTWW3A56AE374800,2011,Goldenrod
807,Miguelita,Kingsnode,2025-04-07,GMC,Jimmy,KNADM4A30C6537858,2001,Yellow
808,Billy,Ogilvie,2024-04-27,Mazda,RX-7,19XFA1F35AE385594,1990,Maroon
809,Dame,Mansbridge,2022-07-05,Mazda,MX-5,WBAKG1C56BE655915,1994,Crimson
810,Pippa,Barling,2019-11-25,Lotus,Esprit,WAULC58EX4A145416,1997,Mauv
811,Hobie,MacDunlevy,2023-09-12,Oldsmobile,88,WBAKP9C55FD868090,1996,Khaki
812,Sheff,Bemlott,2022-11-22,Audi,A4,WVWAN7AN1DE239073,2001,Turquoise
813,Gilbertina,Beceril,2022-12-23,Chevrolet,Caprice,4A31K3DTXAE357448,1992,Blue
814,Rosabelle,Szymczyk,2019-12-24,Nissan,Xterra,ZFBCFADH8EZ400363,2007,Turquoise
815,Torry,Domenc,2020-05-07,Kia,Sedona,WAUTFAFH5AN389430,2010,Violet
816,Lory,Vasilik,2025-04-20,GMC,Savana 2500,JN8AF5MR0DT445310,2011,Goldenrod
817,Robert,Aloway,2022-07-01,Toyota,Celica,WAUFGBFC8DN694154,1976,Turquoise
818,Gordan,Cicchillo,2023-04-22,Buick,Skylark,WBA3G7C58EF065530,1997,Fuscia
819,Randolf,Hillett,2020-05-03,Dodge,Dakota,1GD11ZCG4CF753736,2010,Fuscia
820,Aldin,Sawyer,2024-12-07,Pontiac,Sunbird,5LMJJ2H55AE387669,1991,Puce
821,Tildi,Gerhardt,2022-11-03,Toyota,Celica,WAU2GAFC6EN125085,1999,Pink
822,Clark,Hesser,2019-08-19,Kia,Rondo,WAUVF98K69A513689,2008,Violet
823,Emmalyn,Clixby,2021-11-10,Mazda,B2500,4A31K5DF9BE826830,2001,Pink
824,Agnella,Cremer,2025-06-28,Suzuki,Grand Vitara,1FTEW1C88AK325803,1999,Mauv
825,Erick,Meijer,2020-04-25,Volvo,V40,1FTWW3DY8AE232647,2000,Orange
826,Johna,Stileman,2024-08-18,Suzuki,Swift,4JGDA2EB0CA617803,1988,Indigo
827,Cristen,Meighan,2022-12-15,GMC,Savana 2500,3D7JB1EK1BG655688,1998,Pink
828,Dane,Dufaur,2023-08-12,Buick,Somerset,2C3CDXJG3FH625460,1987,Aquamarine
829,Alyssa,Ferraron,2021-01-16,Toyota,Land Cruiser,3CZRE3H35BG285926,2006,Turquoise
830,Lauryn,Dorow,2022-06-12,Plymouth,Roadrunner,JH4KB2F55AC088320,1969,Maroon
831,Calhoun,Casswell,2022-09-19,Pontiac,G8,3C6TD5JT2CG258633,2008,Purple
832,Verla,Simcock,2025-05-30,Lotus,Exige,5N1AN0NW1FN457328,2004,Teal
833,Derby,Causnett,2020-11-21,Lexus,LS,1B3CC1FB0AN545186,1996,Crimson
834,Shannen,Mensler,2021-05-06,Geo,Prizm,WBAFU7C53DD742547,1995,Blue
835,Burr,Bacon,2022-05-31,Suzuki,Aerio,WBABN534X3P644538,2004,Aquamarine
836,Damon,Brame,2021-05-21,Chrysler,PT Cruiser,WBAKF3C59CJ375610,2005,Maroon
837,Ruthanne,Rowlands,2024-06-30,Chevrolet,Corvette,WP0AA2A98DS537686,1992,Violet
838,Effie,Jagiello,2022-03-02,Oldsmobile,Cutlass Supreme,1B3CB9HA0AD409894,1994,Turquoise
839,Tanitansy,Wingeat,2023-05-14,Toyota,RAV4,1FTEX1CM5BK545847,1997,Green
840,Melisenda,Hatherley,2020-05-24,Buick,LaCrosse,WBADX7C51DE558197,2008,Maroon
841,Danit,McIlrath,2022-04-09,Chevrolet,Corvette,WDDLJ6FB8FA242145,2004,Aquamarine
842,Daffie,Edinboro,2020-11-25,Dodge,Grand Caravan,KNDMB5C15F6651658,1992,Red
843,Nichols,Volante,2020-09-13,Rolls-Royce,Phantom,1G6KF54963U860689,2006,Violet
844,Gannie,Merner,2022-10-25,Mazda,Miata MX-5,1GYS4DEF3BR740636,2003,Maroon
845,Haily,Roux,2021-03-31,Land Rover,Range Rover,WAUVT68EX5A150664,1990,Violet
846,Andras,Mielnik,2025-04-24,Suzuki,Swift,JH4DC23931S426333,1995,Green
847,Lind,Adamovitz,2024-11-14,Dodge,Ram 2500,3C3CFFAR5CT980123,2005,Yellow
848,Briano,Vivash,2021-09-14,GMC,Safari,WBAKG7C53DE683855,2003,Orange
849,Dorolice,Symons,2024-10-03,Ford,Mustang,WA19FAFL8DA326975,1970,Goldenrod
850,Alister,Erickssen,2020-06-26,Volvo,S40,19XFB2E28CE152114,2009,Violet
851,Lauretta,Barthropp,2024-12-29,Chevrolet,Suburban 2500,JN8AF5MRXET951003,2008,Aquamarine
852,Cody,Whitebrook,2019-10-27,Porsche,944,TRUWT28N821859529,1989,Red
853,Briny,Swanton,2024-02-18,Mazda,MX-5,WAUVT58E35A714620,2006,Mauv
854,Nata,Grelka,2021-01-28,Saab,9-3,5UXZV4C54D0783397,2010,Teal
855,Rik,O'Fihily,2024-09-28,Lexus,LS Hybrid,1C4SDHCT5EC312970,2011,Turquoise
856,Kara,Kloser,2023-06-15,Porsche,Boxster,1GYS3AEF6DR335603,2010,Turquoise
857,Henrie,Lisciardelli,2020-04-07,Dodge,Sprinter,WDDNG7BB6BA409406,2008,Aquamarine
858,Hy,Dinesen,2020-07-08,Cadillac,Escalade EXT,3G5DB03E84S553312,2006,Yellow
859,Aretha,Hulme,2025-02-07,Volkswagen,Golf,2HNYD28718H568411,1994,Yellow
860,Catlin,Whetnall,2023-07-06,Lincoln,Continental Mark VII,1GTC5MF95C8547251,1988,Purple
861,Nelli,Goundrill,2022-04-02,Mercedes-Benz,SL-Class,WDDNG7DBXDA354653,1998,Orange
862,Delano,Saylor,2022-02-23,Nissan,Quest,4USFE43507L282105,1993,Yellow
863,Darrick,Ricciardi,2023-11-15,Ford,E-Series,JTEBU5JR0F5013443,1990,Violet
864,Aubine,Davana,2021-08-17,Plymouth,Sundance,1GD02ZCG7CZ288635,1994,Maroon
865,Sashenka,Waltho,2024-05-06,Mercury,Grand Marquis,WAUHFAFL8AA693398,2003,Aquamarine
866,Willa,Cacacie,2019-09-19,Suzuki,Swift,WBAUU3C56AA762580,1997,Purple
867,Kristofer,Hexam,2019-09-08,Land Rover,Defender Ice Edition,WAULD54B93N261495,2010,Goldenrod
868,Logan,Stringer,2020-09-10,Suzuki,Daewoo Lacetti,WBAPH5C57BF558016,2005,Fuscia
869,Lynnell,Andreev,2025-04-12,Suzuki,Grand Vitara,JN1CV6EK6AM588804,2003,Crimson
870,Vere,Friese,2024-01-20,Volkswagen,Jetta,WAULV94E98N771111,1984,Teal
871,Colene,Benson,2021-09-01,Lexus,LS,3VW1K7AJ3DM411598,1990,Red
872,Sibelle,Colling,2025-02-10,BMW,X5,JN1AZ4EH5CM322505,2006,Orange
873,Tessy,Temblett,2025-06-02,Lexus,RX,SAJWA1CB5CL313155,2010,Purple
874,Arnaldo,Spain-Gower,2020-10-28,Mitsubishi,Truck,5UXKR6C52F0590976,1990,Fuscia
875,Cece,Gindghill,2025-03-26,Ford,Thunderbird,JH4CL958X4C098190,2005,Maroon
876,Darius,Spieck,2025-04-26,Toyota,T100 Xtra,SCFAB22382K342872,1996,Purple
877,Kirbee,Carrabott,2023-02-01,Ford,Escort ZX2,WBALZ5C52CC636507,2003,Blue
878,Bernardine,O'Donnelly,2022-12-05,Subaru,Forester,3GYT4NEF1DG968955,1999,Goldenrod
879,Saxon,Stoffler,2023-06-03,Chevrolet,3500,WAULT68E25A253374,1997,Yellow
880,Godwin,Epton,2022-03-20,Isuzu,Trooper,3D7TT2HT9BG970772,1995,Fuscia
881,Cesar,Tremlett,2021-04-04,Chevrolet,Malibu,1G4HP54K814923341,1999,Aquamarine
882,Shepherd,Dunniom,2022-05-10,Ford,F-Series Super Duty,1C3BC4FB8BN187837,2008,Violet
883,Bald,Gorsse,2023-06-23,Chevrolet,Express,1G4GC5GR4CF987755,2012,Goldenrod
884,Amy,Stoak,2022-08-17,Lamborghini,Gallardo,1GD11XEG0FF758132,2008,Aquamarine
885,Adelle,Tooze,2023-07-23,Honda,Fit,JN1AZ4EH7FM493938,2007,Teal
886,Neila,Gogarty,2022-02-05,Toyota,Corolla,SCFFBCBDXAG463795,1994,Mauv
887,Fionnula,Kaemena,2022-04-28,Volvo,S60,1GD312CG3DF568207,2004,Green
888,Sonia,Vance,2022-09-05,Buick,Regal,2LMHJ5AR2AB497725,1989,Yellow
889,Basilio,Wentworth,2024-10-11,Chevrolet,Corvette,5N1AN0NW2FN627700,1965,Pink
890,Pepi,Wintour,2021-01-13,Toyota,Camry,WAUGU44D62N439682,1995,Goldenrod
891,Felike,Mulberry,2022-01-22,Lexus,LS,JHMZE2H53AS711149,2008,Khaki
892,Merrile,Kimber,2021-05-03,Subaru,B9 Tribeca,1GYFK66828R362451,2007,Goldenrod
893,Drud,Boylin,2024-02-27,Chevrolet,G-Series 1500,1G6DM577880337360,1998,Goldenrod
894,Karina,Bullan,2020-09-17,Mazda,Miata MX-5,1N6AD0CU9AC271689,1997,Green
895,Woodman,Merry,2020-03-30,Honda,Fit,WAUDF78EX6A217631,2008,Blue
896,Orly,Luttger,2020-11-23,GMC,Sierra 3500,WBAGL634X4D565665,2011,Purple
897,Chandra,Swift,2023-05-15,Mercedes-Benz,M-Class,1FTSW3B54AE921706,2010,Blue
898,Valery,Leate,2020-08-27,Ford,Expedition,WAUKG74F66N599054,2006,Goldenrod
899,Jayme,Gravenall,2023-02-10,Lexus,RX,SCFEBBCF1BG911414,2004,Maroon
900,Zachary,Edmans,2025-01-31,Mercedes-Benz,C-Class,WAUJC68E22A961921,2006,Green
901,Clerkclaude,O' Molan,2025-01-06,Pontiac,Sunbird,5UXZW0C50D0203701,1992,Maroon
902,Arlene,Pinkie,2023-09-11,Mazda,626,1N6AD0CU8CC721819,2001,Turquoise
903,Smitty,Aldritt,2023-05-07,GMC,Sierra 1500,1VWAP7A37EC501651,1999,Red
904,Gallagher,Ellam,2020-03-15,Ford,Thunderbird,WP0CA2A81FK497034,2003,Maroon
905,Marlon,Bate,2022-10-27,Toyota,Highlander,WAUGL68E65A541142,2003,Pink
906,Ernestine,Sinnat,2020-11-18,Nissan,350Z,WAUDH98E28A829167,2004,Puce
907,Cornie,Ewert,2020-12-13,Volkswagen,Scirocco,2C3CDXCT6EH567711,1985,Purple
908,Allx,Pinches,2020-10-21,GMC,Savana 3500,1G6DA5EY7B0500138,2000,Violet
909,Kariotta,Pingstone,2020-01-02,Saab,9-3,JH4DC23121S792424,2008,Violet
910,Aura,Colchett,2023-03-19,Ford,Ranger,4T1BD1FK4EU075386,1984,Blue
911,Jourdain,Keepin,2020-12-15,Dodge,Grand Caravan,2C3CCAJTXCH181891,1994,Blue
912,Hasheem,Southerill,2022-02-18,Hyundai,Accent,WAUGFAFR0BA452467,2011,Purple
913,Doralin,Lalonde,2023-06-28,Volvo,V40,JN8AF5MV3FT808120,2001,Green
914,Concordia,Bredes,2022-06-21,GMC,Jimmy,SALAG2D43DA809302,1997,Maroon
915,Danella,Cotherill,2020-05-25,Mercedes-Benz,SLK-Class,WAULC58E75A669592,2000,Aquamarine
916,Carilyn,Lysons,2021-10-30,Cadillac,XLR-V,JM1CR2W33A0106878,2008,Mauv
917,Lay,Beadnell,2021-08-09,Jeep,Grand Cherokee,JHMGE8G35BC618512,1994,Blue
918,Ruthe,Gussie,2023-05-14,Ford,E350,JN8AF5MV0FT723168,2006,Puce
919,Dana,Gammett,2024-04-11,Mitsubishi,Diamante,WAUEF78E96A646747,1992,Turquoise
920,Herculie,Durran,2021-02-06,Volkswagen,Eurovan,1G6DU6EV4A0087354,2003,Turquoise
921,Fin,Harkes,2025-03-20,Nissan,350Z Roadster,1HGCR2F32DA839598,2006,Orange
922,Casandra,Mapis,2020-10-29,Mazda,Miata MX-5,3C4PDCEGXFT723635,2001,Pink
923,Martie,Rawle,2022-11-12,Volkswagen,Tiguan,WBABN53472J375111,2012,Violet
924,Alina,Halfhyde,2020-12-28,Lexus,ES,4T1BF1FK9EU485725,1994,Blue
925,Stavros,Twelve,2024-10-13,Audi,Coupe GT,WAUUL78E17A584279,1985,Teal
926,Eli,Winkless,2024-08-30,Nissan,Pathfinder,JN8AZ2KR5CT716465,1993,Red
927,Ephrayim,Tink,2022-04-30,Oldsmobile,Silhouette,4A31K5DF6CE686639,2000,Violet
928,Goober,Reuven,2021-11-04,Mercury,Sable,1G6DC8E59C0976992,2000,Fuscia
929,Meade,Holwell,2019-08-29,Chevrolet,Camaro,1D4PT5GK3AW053786,1977,Aquamarine
930,Pablo,Rickerd,2019-10-14,Nissan,Armada,1G6DS8EV4A0137462,2008,Blue
931,Karen,Curling,2022-04-30,Oldsmobile,Silhouette,1GYEK63N64R719470,2004,Orange
932,Garth,Pert,2021-07-27,GMC,Safari,1G6KD57937U048693,2001,Pink
933,Bettye,O' Driscoll,2022-06-15,Ford,F350,1GYFK66868R541091,2001,Blue
934,Ag,Allcoat,2019-08-03,Jaguar,S-Type,1D7RB1CP6BS442729,2000,Green
935,Mattias,Wickardt,2021-03-11,Jensen,Interceptor,1N4AL2AP0BC939255,1966,Indigo
936,Elton,Townby,2023-01-22,Buick,Roadmaster,JN1CV6FE6AM802862,1992,Khaki
937,Sinclare,Munkley,2023-01-22,Lamborghini,Murci√©lago,1N6BF0KL3FN750189,2008,Fuscia
938,Conant,McAree,2024-07-18,Lexus,RX,KMHHT6KD8DU706592,2002,Teal
939,Jard,Swinburn,2024-03-18,Chrysler,Sebring,1G4GA5EC3BF811329,2008,Yellow
940,Nerita,Darko,2021-07-23,Scion,xD,WAUHFBFL8AN647911,2011,Fuscia
941,Valeria,Thurborn,2022-02-15,Volvo,850,WBA3B5G52EN645908,1994,Fuscia
942,Bronson,Hennington,2020-11-09,Lincoln,Navigator,WAUWFAFH9DN731060,2012,Puce
943,Robinett,Piotrkowski,2020-03-30,Acura,Legend,1B3BD1FB7BN073689,1990,Maroon
944,Whitney,Llewelyn,2022-09-21,Buick,Rendezvous,WAUFFAFM3BA893607,2003,Turquoise
945,Bill,Bexley,2023-08-15,Toyota,Prius,1GD11XEG0FF997051,2001,Goldenrod
946,Brantley,Syddon,2024-03-14,Mercedes-Benz,M-Class,4JGBF2FBXAA868543,1998,Goldenrod
947,Edita,Vettore,2023-02-22,Chrysler,300C,1G6DP5E39C0948935,2005,Aquamarine
948,Roxi,Prest,2024-07-30,Toyota,Sienna,1G6DG5EG7A0091854,2004,Puce
949,Hetti,Lescop,2023-08-12,Jaguar,XK Series,WBA1J9C55FV399168,1998,Maroon
950,Monti,McLenahan,2020-10-19,Kia,Sephia,WP1AE2A24EL327195,2001,Turquoise
951,Kamila,Creaven,2021-04-29,GMC,Savana 2500,1C3BCBFG2DN741621,2005,Indigo
952,Cecil,Cowup,2024-05-08,Mercedes-Benz,CLK-Class,SCFAB22323K924242,2008,Blue
953,Daisy,Orans,2024-09-30,Ford,Fusion,1FTMF1EW9AF015210,2010,Teal
954,Preston,Dryburgh,2022-03-30,Mitsubishi,RVR,JTJBM7FXXA5547224,1993,Orange
955,Leandra,Mandel,2022-12-04,Mitsubishi,Expo,WBA5B3C58FD075682,1992,Purple
956,Jenelle,O' Bee,2021-08-16,Honda,Prelude,YV4960DL9A2234330,1994,Goldenrod
957,Oriana,Wardle,2024-01-07,Ford,Expedition,WAUXL58EX5A277207,2003,Aquamarine
958,Julie,Capinetti,2023-08-19,Toyota,Supra,WAUAF68E35A384411,1995,Goldenrod
959,Rusty,Agett,2023-10-24,Land Rover,Discovery Series II,1C6RD6MT5CS464131,2002,Maroon
960,Naoma,Scough,2024-12-28,Ford,Focus,3GYFK66N45G957674,2003,Yellow
961,Muffin,Matevushev,2023-11-13,Mazda,MPV,1G6DX67D180751468,2003,Blue
962,Dorris,Waldera,2020-12-11,Toyota,Camry,KMHGC4DE0AU684119,1996,Puce
963,D'arcy,Andreazzi,2020-07-02,Chrysler,Town & Country,WUARU98E57N784353,2010,Pink
964,Kort,Falcus,2025-04-26,Mercedes-Benz,SLK-Class,WAUDH78E78A941290,2012,Blue
965,Valina,Elwin,2019-10-09,Chevrolet,Corvette,1N4AA5AP1CC610508,2002,Maroon
966,Kendra,Zannetti,2021-11-09,Ford,Mustang,WAUVT64B64N546500,1970,Purple
967,Hussein,Bembridge,2022-12-14,Plymouth,Breeze,JN8AS5MT1CW709610,1997,Green
968,Orrin,Presland,2023-12-22,Suzuki,Swift,5XYKT3A17CG466998,1991,Blue
969,Arvie,Royden,2019-12-25,Mercury,Tracer,WBABN33481J614538,1998,Puce
970,Steve,Asbrey,2021-09-26,Lotus,Esprit,4USBT33424L066273,1991,Fuscia
971,Pate,Pobjay,2022-10-02,Lincoln,Continental Mark VII,5N1AA0ND2FN178898,1989,Red
972,Gannon,Treasaden,2019-10-30,Honda,Insight,JN1AZ4EH4EM502321,2006,Mauv
973,Wilona,Wasbrough,2023-09-06,Buick,Enclave,WA1CMAFP1EA744388,2008,Indigo
974,Bradly,Bingell,2022-06-15,Mercedes-Benz,600SL,5N1AA0NEXEN160589,1993,Yellow
975,Arline,Santen,2022-05-07,Mazda,323,5FRYD4H60GB441029,1993,Puce
976,Querida,Gillie,2023-11-27,Ford,Mustang,3D73M4EL0BG448111,1987,Orange
977,Joseito,Markovic,2022-12-26,Toyota,Avalon,2G61P5S35D9839936,1999,Pink
978,Murielle,Bottle,2024-01-07,Volkswagen,Rabbit,3D7TT2CT3AG314170,2007,Indigo
979,Tait,Mathewes,2021-02-18,Pontiac,Trans Sport,KNDJN2A22F7689640,1991,Puce
980,Timothee,Segges,2021-02-11,Mazda,CX-9,5GAEV23758J055594,2009,Goldenrod
981,Glori,Clark,2019-10-20,GMC,Rally Wagon G2500,3D73Y3HLXAG835399,1995,Indigo
982,Gretel,Oldrey,2025-06-11,Volkswagen,Routan,SCBGU3ZA0EC806428,2010,Violet
983,Pincus,Grevel,2023-10-27,Ford,F150,SAJWA4EC2BM992186,2006,Crimson
984,Angeli,Offner,2021-03-09,Mercedes-Benz,Sprinter 3500,2G4GS5EC6B9109706,2011,Goldenrod
985,Gareth,Allicock,2019-10-11,Mercedes-Benz,C-Class,WAUFFAFM4AA623932,1998,Khaki
986,Javier,Cowlin,2023-05-30,Chevrolet,Tahoe,TRUSC28N511910689,2009,Puce
987,Aubrey,Talboy,2025-01-06,Volvo,C70,WBAVB73537V378503,2001,Fuscia
988,Renata,Cadding,2023-06-03,Lexus,LS,WAUHF78P78A020034,2004,Puce
989,Thurstan,Horley,2024-09-27,Pontiac,Grand Am,4T3BA3BBXDU459995,1990,Aquamarine
990,Merrel,Albro,2023-02-03,Kia,Spectra,1G6D25EY6B0393645,2000,Teal
991,Alfredo,Haynes,2024-03-11,Toyota,4Runner,5TDBK3EH6DS604187,2010,Blue
992,Sarajane,Edmonson,2023-05-21,Ford,F-Series Super Duty,JM3TB2CA5E0116784,2010,Teal
993,Camile,Perigoe,2025-06-23,Saturn,Ion,JTHBE1BL3F1570762,2006,Teal
994,Jameson,Sidden,2021-08-23,Infiniti,G37,1FTSF3A5XAE524096,2009,Khaki
995,Sophronia,Czaja,2022-02-13,Hyundai,Elantra,3D7TP2CT5AG896406,1992,Indigo
996,Curry,Upfold,2024-10-28,Saab,9-5,WA1AY74L07D485568,2008,Yellow
997,Jarib,Cocke,2020-06-11,GMC,Sonoma Club Coupe,19UUA8F28AA142812,1993,Puce
998,Ivan,Petrov,2025-07-02,BMW,X3,1HGCM82633A123456,2023,Silver
999,Anna,Simons,2025-08-03,Subaro,Impresa,JHMCG5647YC890123,2014,Blue
1000,Maria,Petrova,2025-07-03,Ford,Focus,1FADP3F29EL123456,2021,Green
1001,Olga,Kuznetsova,2025-07-04,BMW,X5,WBAJS51050H123789,2020,Black
